Mode( 0 : Default 1 : Soccer 2 : Pvpve 3 : BattleRush 4 : Shelter 5 : League 6: zombie_tag 7:individual mode),ColumnNum,Type(0 : RoundPanel 1 : SubColumn 2 : Text 3 : Image 4 : TextWithPrefix 5 : TextWithColor 6 : Tooltip),ColumnName,ColumnText,X,Y,Wide,Tall,ResName,ColorR,ColorG,ColorB
0,23,1,MvpCol,,0,0,20,19,,0,0,0
,,3,Mvp,,0,1,20,19,FALSE,0,0,0
,,1,BuffCol,,20,0,20,19,,0,0,0
,,3,BuffItem,,0,1,20,19,FALSE,0,0,0
,,1,NickCol,#CSO_UserName_Lable,40,0,115,19,,0,0,0
,,2,NickName,,0,1,115,19,,153,204,205
,,1,LevelCol,Lv,155,0,32,19,,0,0,0
,,2,Level,,0,1,40,19,FALSE,0,0,0
,,1,ClanCol,#CSO_Clan,187,0,123,19,,0,0,0
,,3,Mark,,0,1,20,19,FALSE,0,0,0
,,2,Clan,,20,1,103,19,,255,255,255
,,1,PointCol,#CSO_Point,310,0,101,19,,0,0,0
,,2,Point,,0,1,101,19,FALSE,255,255,255
,,1,ExpCol,#CSO_Exp,411,0,101,19,,0,0,0
,,2,Exp,,0,1,101,19,FALSE,255,255,255
,,1,FragDeathCol,#CSO_OrigFragDeath,512,0,105,19,,0,0,0
,,2,FragDeath,,0,1,105,19,FALSE,255,255,255
,,1,MiscCol,#CSO_Misc,617,0,100,19,,0,0,0
,,3,Misc,,0,1,60,19,FALSE,255,255,255
,,3,ClassBonus,,60,1,20,19,FALSE,255,255,255
,,3,TeamBonus,,80,1,20,19,FALSE,255,255,255
,,1,ComplimentCol,,717,0,26,19,,0,0,0
,,7,Compliment,,0,1,26,19,resource/CleanSystem/clean_btn,0,0,0
1,27,1,MvpCol,,0,0,20,19,,0,0,0
,,3,Mvp,,0,1,20,19,FALSE,0,0,0
,,1,BuffCol,,20,0,20,19,,0,0,0
,,3,BuffItem,,0,1,20,19,FALSE,0,0,0
,,1,NickCol,#CSO_UserName_Lable,40,0,121,19,,0,0,0
,,2,NickName,,0,1,121,19,,153,204,205
,,1,LevelCol,Lv,161,0,32,19,,0,0,0
,,2,Level,,0,1,40,19,FALSE,0,0,0
,,1,ClanCol,#CSO_Clan,193,0,128,19,,0,0,0
,,3,Mark,,0,1,20,19,FALSE,0,0,0
,,2,Clan,,20,1,108,19,,255,255,255
,,1,PointCol,#CSO_Point,321,0,103,19,,0,0,0
,,2,Point,,0,1,103,19,FALSE,255,255,255
,,1,ExpCol,#CSO_Exp,424,0,103,19,,0,0,0
,,2,Exp,,0,1,103,19,FALSE,255,255,255
,,1,GoalCol,#CSO_Goal,527,0,30,19,,0,0,0
,,2,Sc_GoalCount,,5,1,30,19,FALSE,255,255,255
,,1,AssistCol,#CSO_Sc_Assist,557,0,30,19,,0,0,0
,,2,Sc_AssistCount,,5,1,30,19,FALSE,255,255,255
,,1,DefenceCol,#CSO_Sc_Defence,587,0,30,19,,0,0,0
,,2,Sc_DefenceCount,,5,1,30,19,FALSE,255,255,255
,,1,MiscCol,#CSO_Misc,617,0,100,19,,0,0,0
,,3,Misc,,0,1,60,19,FALSE,255,255,255
,,3,ClassBonus,,60,1,20,19,FALSE,255,255,255
,,3,TeamBonus,,80,1,19,19,FALSE,255,255,255
,,1,ComplimentCol,,717,0,26,19,,0,0,0
,,7,Compliment,,0,1,26,19,resource/CleanSystem/clean_btn,0,0,0
2,27,1,MvpCol,,0,0,20,19,,0,0,0
,,3,Mvp,,0,1,20,19,FALSE,0,0,0
,,1,BuffCol,,20,0,20,19,,0,0,0
,,3,BuffItem,,0,1,20,19,FALSE,0,0,0
,,1,NickCol,#CSO_UserName_Lable,40,0,115,19,,0,0,0
,,2,NickName,,0,1,115,19,,153,204,205
,,1,LevelCol,Lv,155,0,32,19,,0,0,0
,,2,Level,,0,1,40,19,FALSE,0,0,0
,,1,ClanCol,#CSO_Clan,187,0,123,19,,0,0,0
,,3,Mark,,0,1,20,19,FALSE,0,0,0
,,2,Clan,,20,1,103,19,,255,255,255
,,1,PointCol,#CSO_Point,310,0,96,19,,0,0,0
,,2,Point,,0,1,96,19,FALSE,255,255,255
,,1,ExpCol,#CSO_Exp,406,0,97,19,,0,0,0
,,2,Exp,,0,1,97,19,FALSE,255,255,255
,,1,ConquestCol,#CSO_Pvpve_Conquest,503,0,37,19,,0,0,0
,,2,Pvpve_ConquestCount,,0,1,37,19,FALSE,255,255,255
,,1,HumanKillCol,#CSO_Pvpve_HumanKill,540,0,37,19,,0,0,0
,,2,Pvpve_HumanKill,,0,1,37,19,FALSE,255,255,255
,,1,BotKillCol,#CSO_Pvpve_BotKill,577,0,40,19,,0,0,0
,,2,Pvpve_BotKill,,0,1,40,19,FALSE,255,255,255
,,1,MiscCol,#CSO_Misc,617,0,100,19,,0,0,0
,,3,Misc,,0,1,60,19,FALSE,255,255,255
,,3,ClassBonus,,60,1,20,19,FALSE,255,255,255
,,3,TeamBonus,,80,1,20,19,FALSE,255,255,255
,,1,ComplimentCol,,717,0,26,19,,0,0,0
,,7,Compliment,,0,1,26,19,resource/CleanSystem/clean_btn,0,0,0
3,25,1,MvpCol,,0,0,20,19,,0,0,0
,,3,Mvp,,0,1,20,19,FALSE,0,0,0
,,1,BuffCol,,20,0,20,19,,0,0,0
,,3,BuffItem,,0,1,20,19,FALSE,0,0,0
,,1,NickCol,#CSO_UserName_Lable,40,0,115,19,,0,0,0
,,2,NickName,,0,1,115,19,,153,204,205
,,1,LevelCol,Lv,155,0,32,19,,0,0,0
,,2,Level,,0,1,40,19,FALSE,0,0,0
,,1,ClanCol,#CSO_Clan,187,0,125,19,,0,0,0
,,3,Mark,,0,1,20,19,FALSE,0,0,0
,,2,Clan,,20,1,105,19,,255,255,255
,,1,PointCol,#CSO_Point,312,0,82,19,,0,0,0
,,2,Point,,0,1,82,19,FALSE,255,255,255
,,1,ExpCol,#CSO_Exp,394,0,83,19,,0,0,0
,,2,Exp,,0,1,83,19,FALSE,255,255,255
,,1,BRPointCol,#CSO_BR_Point,477,0,72,19,,0,0,0
,,2,BRP,,0,1,72,19,FALSE,255,255,255
,,1,FragDeathCol,#CSO_FragDeath,549,0,68,19,,0,0,0
,,2,FragDeath,,0,1,68,19,FALSE,255,255,255
,,1,MiscCol,#CSO_Misc,617,0,100,19,,0,0,0
,,3,Misc,,0,1,60,19,FALSE,255,255,255
,,3,ClassBonus,,60,1,20,19,FALSE,255,255,255
,,3,TeamBonus,,80,1,20,19,FALSE,255,255,255
,,1,ComplimentCol,,717,0,26,19,,0,0,0
,,7,Compliment,,0,1,26,19,resource/CleanSystem/clean_btn,0,0,0
4,25,1,MvpCol,,0,0,20,19,,0,0,0
,,3,Mvp,,0,1,20,19,FALSE,0,0,0
,,1,BuffCol,,20,0,20,19,,0,0,0
,,3,BuffItem,,0,1,20,19,FALSE,0,0,0
,,1,NickCol,#CSO_UserName_Lable,40,0,115,19,,0,0,0
,,2,NickName,,0,1,115,19,,153,204,205
,,1,LevelCol,Lv,155,0,32,19,,0,0,0
,,2,Level,,0,1,40,19,FALSE,0,0,0
,,1,ClanCol,#CSO_Clan,187,0,125,19,,0,0,0
,,3,Mark,,0,1,20,19,FALSE,0,0,0
,,2,Clan,,20,1,105,19,,255,255,255
,,1,ZSHPointCol,#CSO_zsh_Point,312,0,85,19,,0,0,0
,,2,ZSHPointR,,0,1,85,19,FALSE,255,255,255
,,1,PointCol,#CSO_Point,397,0,87,19,,0,0,0
,,2,Point,,0,1,87,19,FALSE,255,255,255
,,1,ExpCol,#CSO_Exp,484,0,87,19,,0,0,0
,,2,Exp,,0,1,87,19,FALSE,255,255,255
,,1,RescueeCol,#CSO_zsh_Rescuee,571,0,46,19,,0,0,0
,,2,RescueeR,,0,1,46,19,FALSE,255,255,255
,,1,MiscCol,#CSO_Misc,617,0,100,19,,0,0,0
,,3,Misc,,0,1,60,19,FALSE,255,255,255
,,3,ClassBonus,,60,1,20,19,FALSE,255,255,255
,,3,TeamBonus,,80,1,20,19,FALSE,255,255,255
,,1,ComplimentCol,,717,0,26,19,,0,0,0
,,7,Compliment,,0,1,26,19,resource/CleanSystem/clean_btn,0,0,0
5,25,1,MvpCol,,0,0,20,19,,0,0,0
,,3,Mvp,,0,1,20,19,FALSE,0,0,0
,,1,LeagueCol,,20,0,25,19,,0,0,0
,,3,League,,0,1,25,19,FALSE,0,0,0
,,1,BuffCol,,45,0,20,19,,0,0,0
,,3,BuffItem,,0,1,20,19,FALSE,0,0,0
,,1,NickCol,#CSO_UserName_Lable,65,0,100,19,,0,0,0
,,2,NickName,,0,1,100,19,,153,204,205
,,1,LevelCol,Lv,165,0,32,19,,0,0,0
,,2,Level,,0,1,40,19,FALSE,0,0,0
,,1,ClanCol,#CSO_Clan,197,0,125,19,,0,0,0
,,3,Mark,,0,1,20,19,FALSE,0,0,0
,,2,Clan,,20,1,105,19,,255,255,255
,,1,PointCol,#CSO_Point,322,0,96,19,,0,0,0
,,2,Point,,0,1,96,19,FALSE,255,255,255
,,1,ExpCol,#CSO_Exp,418,0,96,19,,0,0,0
,,2,Exp,,0,1,96,19,FALSE,255,255,255
,,1,FragDeathCol,#CSO_OrigFragDeath,514,0,103,19,,0,0,0
,,2,FragDeath,,0,1,103,19,FALSE,255,255,255
,,1,MiscCol,#CSO_Misc,617,0,100,19,,0,0,0
,,3,Misc,,0,1,60,19,FALSE,255,255,255
,,3,ClassBonus,,60,1,20,19,FALSE,255,255,255
,,3,TeamBonus,,80,1,20,19,FALSE,255,255,255
,,1,ComplimentCol,,717,0,26,19,,0,0,0
,,7,Compliment,,0,1,26,19,resource/CleanSystem/clean_btn,0,0,0
6,27,1,MvpCol,,0,0,20,19,,0,0,0
,,3,Mvp,,0,1,20,19,FALSE,0,0,0
,,1,BuffCol,,20,0,20,19,,0,0,0
,,3,BuffItem,,0,1,20,19,FALSE,0,0,0
,,1,NickCol,#CSO_UserName_Lable,40,0,110,19,,0,0,0
,,2,NickName,,0,1,110,19,,153,204,205
,,1,LevelCol,Lv,150,0,32,19,,0,0,0
,,2,Level,,0,1,40,19,FALSE,0,0,0
,,1,ClanCol,#CSO_Clan,182,0,113,19,,0,0,0
,,3,Mark,,0,1,20,19,FALSE,0,0,0
,,2,Clan,,20,1,93,19,,255,255,255
,,1,ScoreCol,#CSO_Chall_Score,295,0,46,19,,0,0,0
,,2,Score,,0,1,46,19,FALSE,255,255,255
,,1,PointCol,#CSO_Point,341,0,90,19,,0,0,0
,,2,Point,,0,1,90,19,FALSE,255,255,255
,,1,ExpCol,#CSO_Exp,431,0,90,19,,0,0,0
,,2,Exp,,0,1,90,19,FALSE,255,255,255
,,1,EscapeCountCol,#CSO_Escape_Count,521,0,36,19,,0,0,0
,,2,EscapeCount,,0,1,36,19,FALSE,255,255,255
,,1,FragDeathCol,#CSO_WinRate2,557,0,60,19,,0,0,0
,,2,FragDeath,,0,1,60,19,FALSE,255,255,255
,,1,MiscCol,#CSO_Misc,617,0,100,19,,0,0,0
,,3,Misc,,0,1,60,19,FALSE,255,255,255
,,3,ClassBonus,,60,1,20,19,FALSE,255,255,255
,,3,TeamBonus,,80,1,20,19,FALSE,255,255,255
,,1,ComplimentCol,,717,0,26,19,,0,0,0
,,7,Compliment,,0,1,26,19,resource/CleanSystem/clean_btn,0,0,0
7,25,1,MvpCol,,0,0,20,19,,0,0,0
,,2,Mvp,,3,1,20,19,,0,0,0
,,1,LeagueCol,,20,0,25,19,,0,0,0
,,3,League,,0,1,25,19,FALSE,0,0,0
,,1,BuffCol,,45,0,20,19,,0,0,0
,,3,BuffItem,,0,1,20,19,FALSE,0,0,0
,,1,NickCol,#CSO_UserName_Lable,65,0,100,19,,0,0,0
,,2,NickName,,0,1,100,19,,153,204,205
,,1,LevelCol,Lv,165,0,32,19,,0,0,0
,,2,Level,,0,1,40,19,FALSE,0,0,0
,,1,ClanCol,#CSO_Clan,197,0,125,19,,0,0,0
,,3,Mark,,0,1,20,19,FALSE,0,0,0
,,2,Clan,,20,1,105,19,,255,255,255
,,1,PointCol,#CSO_Point,322,0,96,19,,0,0,0
,,2,Point,,0,1,96,19,FALSE,255,255,255
,,1,ExpCol,#CSO_Exp,418,0,96,19,,0,0,0
,,2,Exp,,0,1,96,19,FALSE,255,255,255
,,1,FragDeathCol,#CSO_OrigFragDeath,514,0,103,19,,0,0,0
,,2,FragDeath,,0,1,103,19,FALSE,255,255,255
,,1,MiscCol,#CSO_Misc,617,0,100,19,,0,0,0
,,3,Misc,,0,1,60,19,FALSE,255,255,255
,,3,ClassBonus,,60,1,20,19,FALSE,255,255,255
,,3,TeamBonus,,80,1,20,19,FALSE,255,255,255
,,1,ComplimentCol,,717,0,26,19,,0,0,0
,,7,Compliment,,0,1,26,19,resource/CleanSystem/clean_btn,0,0,0
