mdl 파일 이름,교체 대상 텍스처 번호,페인트 아이템 번호,페인트 텍스처 경로
v_ak47.mdl,0,745,resource/WeaponPaint/texture/ak47_redlight_v.bmp
p_ak47.mdl,0,745,resource/WeaponPaint/texture/ak47_redlight_p.bmp
w_ak47.mdl,0,745,resource/WeaponPaint/texture/ak47_redlight_p.bmp
s_ak47.mdl,0,745,resource/WeaponPaint/texture/ak47_redlight_p.bmp
v_deagle.mdl,0,745,resource/WeaponPaint/texture/deagle_redlight_v.bmp
w_deagle.mdl,0,745,resource/WeaponPaint/texture/deagle_redlight_p.bmp
p_deagle.mdl,0,745,resource/WeaponPaint/texture/deagle_redlight_p.bmp
s_deserteagle.mdl,1,745,resource/WeaponPaint/texture/deagle_redlight_p.bmp
v_m4a1.mdl,0,745,resource/WeaponPaint/texture/m4a1_redlight_v.bmp
p_m4a1.mdl,0,745,resource/WeaponPaint/texture/m4a1_redlight_p.bmp
w_m4a1.mdl,0,745,resource/WeaponPaint/texture/m4a1_redlight_p.bmp
s_m4a1.mdl,0,745,resource/WeaponPaint/texture/m4a1_redlight_p.bmp
v_awp.mdl,0,745,resource/WeaponPaint/texture/awp_redlight_v.bmp
p_awp.mdl,0,745,resource/WeaponPaint/texture/awp_redlight_p.bmp
w_awp.mdl,0,745,resource/WeaponPaint/texture/awp_redlight_p.bmp
s_awp.mdl,0,745,resource/WeaponPaint/texture/awp_redlight_p.bmp
v_ak47.mdl,0,746,resource/WeaponPaint/texture/ak47_bluelight_v.bmp
p_ak47.mdl,0,746,resource/WeaponPaint/texture/ak47_bluelight_p.bmp
w_ak47.mdl,0,746,resource/WeaponPaint/texture/ak47_bluelight_p.bmp
s_ak47.mdl,0,746,resource/WeaponPaint/texture/ak47_bluelight_p.bmp
v_deagle.mdl,0,746,resource/WeaponPaint/texture/deagle_bluelight_v.bmp
p_deagle.mdl,0,746,resource/WeaponPaint/texture/deagle_bluelight_p.bmp
w_deagle.mdl,0,746,resource/WeaponPaint/texture/deagle_bluelight_p.bmp
s_deserteagle.mdl,1,746,resource/WeaponPaint/texture/deagle_bluelight_p.bmp
v_m4a1.mdl,0,746,resource/WeaponPaint/texture/m4a1_bluelight_v.bmp
p_m4a1.mdl,0,746,resource/WeaponPaint/texture/m4a1_bluelight_p.bmp
w_m4a1.mdl,0,746,resource/WeaponPaint/texture/m4a1_bluelight_p.bmp
s_m4a1.mdl,0,746,resource/WeaponPaint/texture/m4a1_bluelight_p.bmp
v_awp.mdl,0,746,resource/WeaponPaint/texture/awp_bluelight_v.bmp
p_awp.mdl,0,746,resource/WeaponPaint/texture/awp_bluelight_p.bmp
w_awp.mdl,0,746,resource/WeaponPaint/texture/awp_bluelight_p.bmp
s_awp.mdl,0,746,resource/WeaponPaint/texture/awp_bluelight_p.bmp
v_ak47.mdl,0,747,resource/WeaponPaint/texture/ak47_erica_v.bmp
p_ak47.mdl,0,747,resource/WeaponPaint/texture/ak47_erica_p.bmp
w_ak47.mdl,0,747,resource/WeaponPaint/texture/ak47_erica_p.bmp
s_ak47.mdl,0,747,resource/WeaponPaint/texture/ak47_erica_p.bmp
v_deagle.mdl,0,747,resource/WeaponPaint/texture/deagle_erica_v.bmp
p_deagle.mdl,0,747,resource/WeaponPaint/texture/deagle_erica_p.bmp
w_deagle.mdl,0,747,resource/WeaponPaint/texture/deagle_erica_p.bmp
s_deserteagle.mdl,1,747,resource/WeaponPaint/texture/deagle_erica_p.bmp
v_m4a1.mdl,0,747,resource/WeaponPaint/texture/m4a1_erica_v.bmp
p_m4a1.mdl,0,747,resource/WeaponPaint/texture/m4a1_erica_p.bmp
w_m4a1.mdl,0,747,resource/WeaponPaint/texture/m4a1_erica_p.bmp
s_m4a1.mdl,0,747,resource/WeaponPaint/texture/m4a1_erica_p.bmp
v_awp.mdl,0,747,resource/WeaponPaint/texture/awp_erica_v.bmp
p_awp.mdl,0,747,resource/WeaponPaint/texture/awp_erica_p.bmp
w_awp.mdl,0,747,resource/WeaponPaint/texture/awp_erica_p.bmp
s_awp.mdl,0,747,resource/WeaponPaint/texture/awp_erica_p.bmp
v_ak47.mdl,0,807,resource/WeaponPaint/texture/ak47_eagle_v.bmp
p_ak47.mdl,0,807,resource/WeaponPaint/texture/ak47_eagle_p.bmp
w_ak47.mdl,0,807,resource/WeaponPaint/texture/ak47_eagle_p.bmp
s_ak47.mdl,0,807,resource/WeaponPaint/texture/ak47_eagle_p.bmp
v_deagle.mdl,0,807,resource/WeaponPaint/texture/deagle_eagle_v.bmp
w_deagle.mdl,0,807,resource/WeaponPaint/texture/deagle_eagle_p.bmp
p_deagle.mdl,0,807,resource/WeaponPaint/texture/deagle_eagle_p.bmp
s_deserteagle.mdl,1,807,resource/WeaponPaint/texture/deagle_eagle_p.bmp
v_m4a1.mdl,0,807,resource/WeaponPaint/texture/m4a1_eagle_v.bmp
p_m4a1.mdl,0,807,resource/WeaponPaint/texture/m4a1_eagle_p.bmp
w_m4a1.mdl,0,807,resource/WeaponPaint/texture/m4a1_eagle_p.bmp
s_m4a1.mdl,0,807,resource/WeaponPaint/texture/m4a1_eagle_p.bmp
v_awp.mdl,0,807,resource/WeaponPaint/texture/awp_eagle_v.bmp
p_awp.mdl,0,807,resource/WeaponPaint/texture/awp_eagle_p.bmp
w_awp.mdl,0,807,resource/WeaponPaint/texture/awp_eagle_p.bmp
s_awp.mdl,0,807,resource/WeaponPaint/texture/awp_eagle_p.bmp
v_ak47.mdl,0,822,resource/WeaponPaint/texture/ak47_galaxy_v.bmp
p_ak47.mdl,0,822,resource/WeaponPaint/texture/ak47_galaxy_p.bmp
w_ak47.mdl,0,822,resource/WeaponPaint/texture/ak47_galaxy_p.bmp
s_ak47.mdl,0,822,resource/WeaponPaint/texture/ak47_galaxy_p.bmp
v_deagle.mdl,0,822,resource/WeaponPaint/texture/deserteagle_galaxy_v.bmp
w_deagle.mdl,0,822,resource/WeaponPaint/texture/deserteagle_galaxy_p.bmp
p_deagle.mdl,0,822,resource/WeaponPaint/texture/deserteagle_galaxy_p.bmp
s_deserteagle.mdl,1,822,resource/WeaponPaint/texture/deserteagle_galaxy_p.bmp
v_m4a1.mdl,0,822,resource/WeaponPaint/texture/m4a1_galaxy_v.bmp
p_m4a1.mdl,0,822,resource/WeaponPaint/texture/m4a1_galaxy_p.bmp
w_m4a1.mdl,0,822,resource/WeaponPaint/texture/m4a1_galaxy_p.bmp
s_m4a1.mdl,0,822,resource/WeaponPaint/texture/m4a1_galaxy_p.bmp
v_awp.mdl,0,822,resource/WeaponPaint/texture/awp_galaxy_v.bmp
p_awp.mdl,0,822,resource/WeaponPaint/texture/awp_galaxy_p.bmp
w_awp.mdl,0,822,resource/WeaponPaint/texture/awp_galaxy_p.bmp
s_awp.mdl,0,822,resource/WeaponPaint/texture/awp_galaxy_p.bmp
v_ak47.mdl,0,823,resource/WeaponPaint/texture/ak47_cjy_v.bmp
p_ak47.mdl,0,823,resource/WeaponPaint/texture/ak47_cjy_p.bmp
w_ak47.mdl,0,823,resource/WeaponPaint/texture/ak47_cjy_p.bmp
s_ak47.mdl,0,823,resource/WeaponPaint/texture/ak47_cjy_p.bmp
v_deagle.mdl,0,823,resource/WeaponPaint/texture/deagle_cjy_v.bmp
w_deagle.mdl,0,823,resource/WeaponPaint/texture/deagle_cjy_p.bmp
p_deagle.mdl,0,823,resource/WeaponPaint/texture/deagle_cjy_p.bmp
s_deserteagle.mdl,1,823,resource/WeaponPaint/texture/deagle_cjy_p.bmp
v_m4a1.mdl,0,823,resource/WeaponPaint/texture/m4a1_cjy_v.bmp
p_m4a1.mdl,0,823,resource/WeaponPaint/texture/m4a1_cjy_p.bmp
w_m4a1.mdl,0,823,resource/WeaponPaint/texture/m4a1_cjy_p.bmp
s_m4a1.mdl,0,823,resource/WeaponPaint/texture/m4a1_cjy_p.bmp
v_awp.mdl,0,823,resource/WeaponPaint/texture/awp_cjy_v.bmp
p_awp.mdl,0,823,resource/WeaponPaint/texture/awp_cjy_p.bmp
w_awp.mdl,0,823,resource/WeaponPaint/texture/awp_cjy_p.bmp
s_awp.mdl,0,823,resource/WeaponPaint/texture/awp_cjy_p.bmp
v_skull1.mdl,0,862,resource/WeaponPaint/texture/skull1_blood_v.bmp
p_skull1.mdl,0,862,resource/WeaponPaint/texture/skull1_blood_p.bmp
w_skull1.mdl,0,862,resource/WeaponPaint/texture/skull1_blood_p.bmp
s_skull1.mdl,0,862,resource/WeaponPaint/texture/skull1_blood_p.bmp
v_skull3.mdl,0,862,resource/WeaponPaint/texture/skull3_blood_v.bmp
p_skull3.mdl,0,862,resource/WeaponPaint/texture/skull3_blood_p.bmp
p_skull3dual.mdl,0,862,resource/WeaponPaint/texture/skull3_blood_p.bmp
w_skull3.mdl,0,862,resource/WeaponPaint/texture/skull3_blood_p.bmp
s_skull3.mdl,0,862,resource/WeaponPaint/texture/skull3_blood_p.bmp
v_skull5.mdl,0,862,resource/WeaponPaint/texture/skull5_blood_v.bmp
p_skull5.mdl,0,862,resource/WeaponPaint/texture/skull5_blood_p.bmp
w_skull5.mdl,0,862,resource/WeaponPaint/texture/skull5_blood_p.bmp
s_skull5.mdl,0,862,resource/WeaponPaint/texture/skull5_blood_p.bmp
v_balrog3.mdl,1,874,resource/WeaponPaint/texture/balrog3_poison_v.bmp
p_balrog3.mdl,0,874,resource/WeaponPaint/texture/balrog3_poison_p.bmp
w_balrog3.mdl,0,874,resource/WeaponPaint/texture/balrog3_poison_p.bmp
s_balrog3.mdl,0,874,resource/WeaponPaint/texture/balrog3_poison_p.bmp
v_balrog11_dekal.mdl,0,874,resource/WeaponPaint/texture/balrog11_poison_v.bmp
p_balrog11_dekal.mdl,0,874,resource/WeaponPaint/texture/balrog11_poison_p.bmp
w_balrog11_dekal.mdl,0,874,resource/WeaponPaint/texture/balrog11_poison_p.bmp
s_balrog11_dekal.mdl,0,874,resource/WeaponPaint/texture/balrog11_poison_p.bmp
v_m249ex.mdl,0,862,resource/WeaponPaint/texture/m249ex_blood_v.bmp
p_m249ex.mdl,0,862,resource/WeaponPaint/texture/m249ex_blood_p.bmp
w_m249ex.mdl,0,862,resource/WeaponPaint/texture/m249ex_blood_p.bmp
s_m249ex.mdl,0,862,resource/WeaponPaint/texture/m249ex_blood_p.bmp
v_skullaxe.mdl,0,862,resource/WeaponPaint/texture/skullaxe_blood_v.bmp
p_skullaxe.mdl,0,862,resource/WeaponPaint/texture/skullaxe_blood_p.bmp
v_skull11.mdl,0,862,resource/WeaponPaint/texture/skull11_blood_v.bmp
p_skull11.mdl,0,862,resource/WeaponPaint/texture/skull11_blood_p.bmp
w_skull11.mdl,0,862,resource/WeaponPaint/texture/skull11_blood_p.bmp
s_skull11.mdl,0,862,resource/WeaponPaint/texture/skull11_blood_p.bmp
v_balrog1.mdl,0,874,resource/WeaponPaint/texture/balrog1_poison_v.bmp
p_balrog1.mdl,0,874,resource/WeaponPaint/texture/balrog1_poison_p.bmp
w_balrog1.mdl,0,874,resource/WeaponPaint/texture/balrog1_poison_p.bmp
s_balrog1.mdl,0,874,resource/WeaponPaint/texture/balrog1_poison_p.bmp
v_balrog5.mdl,0,874,resource/WeaponPaint/texture/balrog5_poison_v.bmp
p_balrog5.mdl,0,874,resource/WeaponPaint/texture/balrog5_poison_p.bmp
w_balrog5.mdl,0,874,resource/WeaponPaint/texture/balrog5_poison_p.bmp
s_balrog5.mdl,0,874,resource/WeaponPaint/texture/balrog5_poison_p.bmp
v_balrog7.mdl,0,874,resource/WeaponPaint/texture/balrog7_poison_v.bmp
v_balrog7.mdl,2,874,resource/WeaponPaint/texture/balrog7_poison_scope_v.bmp
p_balrog7.mdl,0,874,resource/WeaponPaint/texture/balrog7_poison_p.bmp
w_balrog7.mdl,0,874,resource/WeaponPaint/texture/balrog7_poison_p.bmp
s_balrog7.mdl,0,874,resource/WeaponPaint/texture/balrog7_poison_p.bmp
v_balrog9.mdl,0,874,resource/WeaponPaint/texture/balrog9_poison_male.bmp
v_balrog9.mdl,1,874,resource/WeaponPaint/texture/balrog9_poison_male_2.bmp
v_balrog9.mdl,2,874,resource/WeaponPaint/texture/balrog9_poison_female.bmp
p_balrog9.mdl,0,874,resource/WeaponPaint/texture/balrog9_poison_male_p.bmp
v_plasmagun.mdl,3,896,resource/WeaponPaint/texture/plasma_pattern01_v.bmp
p_plasmagun.mdl,1,896,resource/WeaponPaint/texture/plasma_pattern01_p.bmp
w_plasmagun.mdl,1,896,resource/WeaponPaint/texture/plasma_pattern01_p.bmp
s_plasmagun.mdl,1,896,resource/WeaponPaint/texture/plasma_pattern01_p.bmp
v_sfsniper.mdl,0,897,resource/WeaponPaint/texture/sfsniper_pattern01_v.bmp
p_sfsniper.mdl,0,897,resource/WeaponPaint/texture/sfsniper_pattern01_p.bmp
w_sfsniper.mdl,0,897,resource/WeaponPaint/texture/sfsniper_pattern01_p.bmp
s_sfsniper.mdl,0,897,resource/WeaponPaint/texture/sfsniper_pattern01_p.bmp
v_sprifle.mdl,0,898,resource/WeaponPaint/texture/sprifle_pattern01_v.bmp
p_sprifle.mdl,0,898,resource/WeaponPaint/texture/sprifle_pattern01_p.bmp
w_sprifle.mdl,0,898,resource/WeaponPaint/texture/sprifle_pattern01_p.bmp
s_sprifle.mdl,0,898,resource/WeaponPaint/texture/sprifle_pattern01_p.bmp
v_bow.mdl,2,914,resource/WeaponPaint/texture/bow_pattern01_v.bmp
p_bow.mdl,0,914,resource/WeaponPaint/texture/bow_pattern01_p.bmp
p_bow_empty.mdl,0,914,resource/WeaponPaint/texture/bow_pattern01_p.bmp
w_bow.mdl,0,914,resource/WeaponPaint/texture/bow_pattern01_p.bmp
s_bow.mdl,0,914,resource/WeaponPaint/texture/bow_pattern01_p.bmp
v_InfinityEX2.mdl,0,915,resource/WeaponPaint/texture/infinityEX2_pattern01_right01_v.bmp
v_InfinityEX2.mdl,1,915,resource/WeaponPaint/texture/infinityEX2_pattern01_right02_v.bmp
v_InfinityEX2.mdl,2,915,resource/WeaponPaint/texture/infinityEX2_pattern01_left01_v.bmp
v_InfinityEX2.mdl,3,915,resource/WeaponPaint/texture/infinityEX2_pattern01_left02_v.bmp
p_infinityEX2.mdl,0,915,resource/WeaponPaint/texture/infinityEX2_pattern01_right01_p.bmp
p_infinityEX2.mdl,1,915,resource/WeaponPaint/texture/infinityEX2_pattern01_right02_p.bmp
p_infinityEX2.mdl,2,915,resource/WeaponPaint/texture/infinityEX2_pattern01_left01_p.bmp
p_infinityEX2.mdl,3,915,resource/WeaponPaint/texture/infinityEX2_pattern01_left02_p.bmp
w_infinityEX2.mdl,0,915,resource/WeaponPaint/texture/infinityEX2_pattern01_right01_p.bmp
w_infinityEX2.mdl,1,915,resource/WeaponPaint/texture/infinityEX2_pattern01_left01_p.bmp
w_infinityEX2.mdl,2,915,resource/WeaponPaint/texture/infinityEX2_pattern01_right02_p.bmp
w_infinityEX2.mdl,3,915,resource/WeaponPaint/texture/infinityEX2_pattern01_left02_p.bmp
s_infinityEX2.mdl,1,915,resource/WeaponPaint/texture/infinityEX2_pattern01_right01_p.bmp
s_infinityEX2.mdl,2,915,resource/WeaponPaint/texture/infinityEX2_pattern01_left01_p.bmp
s_infinityEX2.mdl,3,915,resource/WeaponPaint/texture/infinityEX2_pattern01_right02_p.bmp
s_infinityEX2.mdl,4,915,resource/WeaponPaint/texture/infinityEX2_pattern01_left02_p.bmp
v_m950se.mdl,0,950,resource/WeaponPaint/texture/m950se_pattern01_v.bmp
p_m950se.mdl,0,950,resource/WeaponPaint/texture/m950se_pattern01_p.bmp
w_m950se.mdl,0,950,resource/WeaponPaint/texture/m950se_pattern01_p.bmp
s_m950se.mdl,0,950,resource/WeaponPaint/texture/m950se_pattern01_p.bmp
v_laserminigun.mdl,0,951,resource/WeaponPaint/texture/laserminigun_pattern01_v.bmp
p_laserminigunA.mdl,0,951,resource/WeaponPaint/texture/laserminigun_pattern01_p.bmp
p_laserminigunB.mdl,0,951,resource/WeaponPaint/texture/laserminigun_pattern01_p.bmp
w_laserminigun.mdl,0,951,resource/WeaponPaint/texture/laserminigun_pattern01_p.bmp
s_laserminigun.mdl,0,951,resource/WeaponPaint/texture/laserminigun_pattern01_p.bmp
v_destroyer.mdl,1,952,resource/WeaponPaint/texture/destroyer_pattern01_v01.bmp
v_destroyer.mdl,2,952,resource/WeaponPaint/texture/destroyer_pattern01_v02.bmp
p_destroyer.mdl,0,952,resource/WeaponPaint/texture/destroyer_pattern01_p.bmp
w_destroyer.mdl,0,952,resource/WeaponPaint/texture/destroyer_pattern01_p.bmp
s_destroyer.mdl,0,952,resource/WeaponPaint/texture/destroyer_pattern01_p.bmp
v_sfsniper.mdl,3,897,resource/WeaponPaint/texture/sfsniper_pattern01_v.bmp
p_sfsniper.mdl,1,897,resource/WeaponPaint/texture/sfsniper_pattern01_p.bmp
w_sfsniper.mdl,1,897,resource/WeaponPaint/texture/sfsniper_pattern01_p.bmp
s_sfsniper.mdl,1,897,resource/WeaponPaint/texture/sfsniper_pattern01_p.bmp
v_plasmagun_d3a3.mdl,3,896,resource/WeaponPaint/texture/plasma_pattern01_v.bmp
p_plasmagun_d3a3.mdl,1,896,resource/WeaponPaint/texture/plasma_pattern01_p.bmp
w_plasmagun_d3a3.mdl,1,896,resource/WeaponPaint/texture/plasma_pattern01_p.bmp
s_plasmagun_d3a3.mdl,1,896,resource/WeaponPaint/texture/plasma_pattern01_p.bmp
v_strong_knife.mdl,0,8001,resource/WeaponPaint/texture/NataKnife_korea_v.bmp
p_strong_knife.mdl,0,8001,resource/WeaponPaint/texture/NataKnife_korea_p.bmp
v_airburster.mdl,0,8002,resource/WeaponPaint/texture/airburster_china_v.bmp
p_airburster.mdl,0,8002,resource/WeaponPaint/texture/airburster_china_p.bmp
w_airburster.mdl,0,8002,resource/WeaponPaint/texture/airburster_china_p.bmp
s_airburster.mdl,0,8002,resource/WeaponPaint/texture/airburster_china_p.bmp
v_chainsawm.mdl,2,8003,resource/WeaponPaint/texture/chainsaw_minor_taiwan_v.bmp
p_chainsawm.mdl,0,8003,resource/WeaponPaint/texture/chainsaw_minor_taiwan_p.bmp
w_chainsawm.mdl,0,8003,resource/WeaponPaint/texture/chainsaw_minor_taiwan_p.bmp
s_chainsawm.mdl,0,8003,resource/WeaponPaint/texture/chainsaw_minor_taiwan_p.bmp
v_petrolboomer.mdl,0,8004,resource/WeaponPaint/texture/petrolboomer_japan_v.bmp
v_petrolboomer.mdl,1,8004,resource/WeaponPaint/texture/petrolboomer_japan_v_01.bmp
p_petrolboomer.mdl,0,8004,resource/WeaponPaint/texture/petrolboomer_japan_p.bmp
w_petrolboomer.mdl,0,8004,resource/WeaponPaint/texture/petrolboomer_japan_p.bmp
s_petrolboomer.mdl,0,8004,resource/WeaponPaint/texture/petrolboomer_japan_p.bmp
petrol.mdl,0,8004,resource/WeaponPaint/texture/petrolboomer_japan_p_01.bmp
v_sfpistol.mdl,0,8005,resource/WeaponPaint/texture/sfgun_steam_v.bmp
v_sfpistol.mdl,1,8005,resource/WeaponPaint/texture/sfgun_greenlight_steam.bmp
p_sfpistol.mdl,0,8005,resource/WeaponPaint/texture/sfgun_steam_p.bmp
w_sfpistol.mdl,0,8005,resource/WeaponPaint/texture/sfgun_steam_p.bmp
s_sfpistol.mdl,1,8005,resource/WeaponPaint/texture/sfgun_steam_p.bmp
v_deagle.mdl,0,8006,resource/WeaponPaint/texture/deserteagle_indonesia_v.bmp
p_deagle.mdl,0,8006,resource/WeaponPaint/texture/deserteagle_indonesia_p.bmp
w_deagle.mdl,0,8006,resource/WeaponPaint/texture/deserteagle_indonesia_p.bmp
s_deserteagle.mdl,1,8006,resource/WeaponPaint/texture/deserteagle_indonesia_p.bmp
v_sprifle.mdl,3,898,resource/WeaponPaint/texture/sprifle_pattern01_v.bmp
p_sprifle.mdl,1,898,resource/WeaponPaint/texture/sprifle_pattern01_p.bmp
w_sprifle.mdl,1,898,resource/WeaponPaint/texture/sprifle_pattern01_p.bmp
s_sprifle.mdl,1,898,resource/WeaponPaint/texture/sprifle_pattern01_p.bmp
v_bow.mdl,3,914,resource/WeaponPaint/texture/bow_pattern01_v.bmp
p_bow.mdl,1,914,resource/WeaponPaint/texture/bow_pattern01_p.bmp
p_bow_empty.mdl,1,914,resource/WeaponPaint/texture/bow_pattern01_p.bmp
w_bow.mdl,1,914,resource/WeaponPaint/texture/bow_pattern01_p.bmp
s_bow.mdl,1,914,resource/WeaponPaint/texture/bow_pattern01_p.bmp
v_sgmissile.mdl,2,8169,resource/WeaponPaint/texture/battleship01_01_gs18_v.bmp
v_sgmissile.mdl,8,8169,resource/WeaponPaint/texture/battleship01_02_gs18_v.bmp
v_sgmissile.mdl,9,8169,resource/WeaponPaint/texture/battleship00_01_gs18_v.bmp
v_sgmissile.mdl,10,8169,resource/WeaponPaint/texture/battleship01_02_gs18_v.bmp
p_sgmissile_a.mdl,0,8169,resource/WeaponPaint/texture/battleship02_gs18_p.bmp
p_sgmissile_b.mdl,0,8169,resource/WeaponPaint/texture/battleship_gs18_p.bmp
w_sgmissile_a.mdl,0,8169,resource/WeaponPaint/texture/battleship_gs18_p.bmp
s_sgmissile.mdl,0,8169,resource/WeaponPaint/texture/battleship_gs18_p.bmp
v_gunkata.mdl,0,8169,resource/WeaponPaint/texture/$20@004gunslinger_gs18_v.bmp
v_gunkata.mdl,1,8169,resource/WeaponPaint/texture/$20@004gunslinger_gs18_v_gold.bmp
p_gunkata.mdl,0,8169,resource/WeaponPaint/texture/gunslinger_gs18_p.bmp
p_gunkata2.mdl,0,8169,resource/WeaponPaint/texture/gunslinger_gs18_p.bmp
w_gunkata.mdl,0,8169,resource/WeaponPaint/texture/gunslinger_gs18_p.bmp
s_gunkata.mdl,1,8169,resource/WeaponPaint/texture/gunslinger_gs18_p.bmp
v_dualsword.mdl,0,8169,resource/WeaponPaint/texture/$20@001_phantom_slasher_dual_02_gs18_v.bmp
v_dualsword.mdl,1,8169,resource/WeaponPaint/texture/$20@001_phantom_slasher_dual_01_gs18_v.bmp
p_dualsword_a.mdl,0,8169,resource/WeaponPaint/texture/phantom_slasher_dual_gs18_p.bmp
p_dualsword_b.mdl,0,8169,resource/WeaponPaint/texture/phantom_slasher_dual_gs18_p.bmp
p_holysword.mdl,0,8227,resource/WeaponPaint/texture/$20@001holysword_p_weaponpaint19s2ct.bmp
p_holysword_parrying.mdl,0,8227,resource/WeaponPaint/texture/$20@001holysword_p_weaponpaint19s2ct.bmp
p_holysword2.mdl,0,8227,resource/WeaponPaint/texture/$20@001holysword_p_weaponpaint19s2ct.bmp
p_holysword_fullstack.mdl,0,8227,resource/WeaponPaint/texture/$20@001holysword_p_weaponpaint19s2ct.bmp
v_holysword.mdl,2,8227,resource/WeaponPaint/texture/$0bholy_sword_ef_weaponpaint19s2ct.bmp
v_holysword.mdl,3,8227,resource/WeaponPaint/texture/$0bholy_light1_weaponpaint19s2ct.bmp
v_holysword.mdl,4,8227,resource/WeaponPaint/texture/$20@003_holysword_v_g_weaponpaint19s2ct.bmp
v_holysword.mdl,5,8227,resource/WeaponPaint/texture/$20@004_holysword_v_weaponpaint19s2ct.bmp
v_balrog11_dekal.mdl,0,8296,resource/WeaponPaint/texture/@chn11thbalrog11_balrog-11_v.bmp
p_balrog11_dekal.mdl,0,8296,resource/WeaponPaint/texture/@chn11thbalrog11_#256256balrog-11_p.bmp
w_balrog11_dekal.mdl,0,8296,resource/WeaponPaint/texture/@chn11thbalrog11_#256256balrog-11_p.bmp
s_balrog11_dekal.mdl,0,8296,resource/WeaponPaint/texture/@chn11thbalrog11_#256256balrog-11_p.bmp
v_crow11.mdl,0,8297,resource/WeaponPaint/texture/@chn11thcrow11_crow11_v.bmp
p_crow11.mdl,0,8297,resource/WeaponPaint/texture/@chn11thcrow11_#256256crow11_p.bmp
w_crow11.mdl,0,8297,resource/WeaponPaint/texture/@chn11thcrow11_#256256crow11_p.bmp
s_crow11.mdl,0,8297,resource/WeaponPaint/texture/@chn11thcrow11_#256256crow11_p.bmp
v_janus11.mdl,0,8298,resource/WeaponPaint/texture/@chn11thjanus11_janus11_v.bmp
p_janus11.mdl,0,8298,resource/WeaponPaint/texture/@chn11thjanus11_#256256janus11_p.bmp
w_janus11.mdl,0,8298,resource/WeaponPaint/texture/@chn11thjanus11_#256256janus11_p.bmp
s_janus11.mdl,0,8298,resource/WeaponPaint/texture/@chn11thjanus11_#256256janus11_p.bmp
v_thanatos11.mdl,2,8299,resource/WeaponPaint/texture/@chn11ththanatos11_thanatos11_v.bmp
p_thanatos11.mdl,0,8299,resource/WeaponPaint/texture/@chn11ththanatos11_#256256thanatos11_p.bmp
w_thanatos11.mdl,0,8299,resource/WeaponPaint/texture/@chn11ththanatos11_#256256thanatos11_p.bmp
s_thanatos11.mdl,0,8299,resource/WeaponPaint/texture/@chn11ththanatos11_#256256thanatos11_p.bmp
v_turbulent11.mdl,0,8300,resource/WeaponPaint/texture/@chn11thturbullent11_turbullent11.bmp
p_turbulent11.mdl,0,8300,resource/WeaponPaint/texture/@chn11thturbullent11_#256256turbullent11_p.bmp
w_turbulent11.mdl,0,8300,resource/WeaponPaint/texture/@chn11thturbullent11_#256256turbullent11_p.bmp
s_turbulent11.mdl,0,8300,resource/WeaponPaint/texture/@chn11thturbullent11_#256256turbullent11_p.bmp
v_skull11.mdl,0,8301,resource/WeaponPaint/texture/@chn11thskull11_skull11_v.bmp
p_skull11.mdl,0,8301,resource/WeaponPaint/texture/@chn11thskull11_#256256skull11_p.bmp
w_skull11.mdl,0,8301,resource/WeaponPaint/texture/@chn11thskull11_#256256skull11_p.bmp
s_skull11.mdl,0,8301,resource/WeaponPaint/texture/@chn11thskull11_#256256skull11_p.bmp
v_ak47.mdl,0,8378,resource/WeaponPaint/texture/@y20s2ak47_v.bmp
p_ak47.mdl,0,8378,resource/WeaponPaint/texture/@y20s2#256256ak47_p.bmp
w_ak47.mdl,0,8378,resource/WeaponPaint/texture/@y20s2#256256ak47_p.bmp
s_ak47.mdl,0,8378,resource/WeaponPaint/texture/@y20s2#256256ak47_p.bmp
v_m95tiger.mdl,3,8378,resource/WeaponPaint/texture/@y20s2m95tiger_01_v.bmp
v_m95tiger.mdl,1,8378,resource/WeaponPaint/texture/@y20s2m95tiger_02_v.bmp
v_m95tiger.mdl,4,8378,resource/WeaponPaint/texture/@y20s2m95tiger_03_v.bmp
p_m95tiger.mdl,0,8378,resource/WeaponPaint/texture/@y20s2#256256m95tiger_p.bmp
w_m95tiger.mdl,0,8378,resource/WeaponPaint/texture/@y20s2#256256m95tiger_p.bmp
s_m95tiger.mdl,0,8378,resource/WeaponPaint/texture/@y20s2#256256m95tiger_p.bmp
v_lockongun.mdl,0,8378,resource/WeaponPaint/texture/@y20s2lockongun_v01.bmp
v_lockongun.mdl,1,8378,resource/WeaponPaint/texture/@y20s2lockongun_v02.bmp
p_lockongun.mdl,0,8378,resource/WeaponPaint/texture/@y20s2#256256lockongun_p.bmp
w_lockongun.mdl,0,8378,resource/WeaponPaint/texture/@y20s2#256256lockongun_p.bmp
s_lockongun.mdl,0,8378,resource/WeaponPaint/texture/@y20s2#256256lockongun_p.bmp
v_awp.mdl,0,8378,resource/WeaponPaint/texture/@y20s2awp.bmp
p_awp.mdl,0,8378,resource/WeaponPaint/texture/@y20s2#256256awp_p.bmp
w_awp.mdl,0,8378,resource/WeaponPaint/texture/@y20s2#256256awp_p.bmp
s_awp.mdl,0,8378,resource/WeaponPaint/texture/@y20s2#256256awp_p.bmp
v_Buffm249.mdl,1,8378,resource/WeaponPaint/texture/@y20s2buff_m249_1_v.bmp
p_buffm249.mdl,0,8378,resource/WeaponPaint/texture/@y20s2#256256buff_m249_p.bmp
w_buffm249.mdl,0,8378,resource/WeaponPaint/texture/@y20s2#256256buff_m249_p.bmp
s_buffm249.mdl,0,8378,resource/WeaponPaint/texture/@y20s2#256256buff_m249_p.bmp
v_deagle.mdl,0,8379,resource/WeaponPaint/texture/@y20s2deagle_v.bmp
w_deagle.mdl,0,8379,resource/WeaponPaint/texture/@y20s2#256256deagle_p.bmp
p_deagle.mdl,0,8379,resource/WeaponPaint/texture/@y20s2#256256deagle_p.bmp
s_deserteagle.mdl,1,8379,resource/WeaponPaint/texture/@y20s2#256256deagle_p.bmp
v_m4a1.mdl,0,8379,resource/WeaponPaint/texture/@y20s2m4a1_v.bmp
p_m4a1.mdl,0,8379,resource/WeaponPaint/texture/@y20s2#256256m4a1_p.bmp
w_m4a1.mdl,0,8379,resource/WeaponPaint/texture/@y20s2#256256m4a1_p.bmp
s_m4a1.mdl,0,8379,resource/WeaponPaint/texture/@y20s2#256256m4a1_p.bmp
v_thunderpistol.mdl,1,8379,resource/WeaponPaint/texture/@y20s2thundergun_1_v.bmp
v_thunderpistol.mdl,0,8379,resource/WeaponPaint/texture/@y20s2thundergun_2_v.bmp
p_thunderpistol.mdl,0,8379,resource/WeaponPaint/texture/@y20s2#256256thundergun_p.bmp
w_thunderpistol.mdl,0,8379,resource/WeaponPaint/texture/@y20s2#256256thundergun_p.bmp
s_thunderpistol.mdl,1,8379,resource/WeaponPaint/texture/@y20s2#256256thundergun_p.bmp
v_m3drago.mdl,1,8379,resource/WeaponPaint/texture/@y20s2_buf_m3_v_01.bmp
v_m3drago.mdl,0,8379,resource/WeaponPaint/texture/@y20s2_buf_m3_v_02.bmp
p_m3_dragon.mdl,0,8379,resource/WeaponPaint/texture/@y20s2#256256buf_m3_p.bmp
w_m3_dragon.mdl,0,8379,resource/WeaponPaint/texture/@y20s2#256256buf_m3_p.bmp
s_m3_dragon.mdl,0,8379,resource/WeaponPaint/texture/@y20s2#256256buf_m3_p.bmp
v_mp5.mdl,0,8379,resource/WeaponPaint/texture/@y20s2MP5-gold-1model.bmp
p_mp5_2.mdl,0,8379,resource/WeaponPaint/texture/@y20s2MP5-gold-3model.bmp
w_mp5_2.mdl,0,8379,resource/WeaponPaint/texture/@y20s2MP5-gold-3model.bmp
s_mp5_2.mdl,0,8379,resource/WeaponPaint/texture/@y20s2MP5-gold-3model.bmp
w_sgdrill.mdl,0,8410,resource/WeaponPaint/texture/@y20s3sc_drill_#256256sc_drill_p.bmp
v_sgdrill.mdl,0,8410,resource/WeaponPaint/texture/@y20s3SG_drill_SG_drill_v.bmp
p_sgdrill.mdl,0,8410,resource/WeaponPaint/texture/@y20s3sc_drill_#256256sc_drill_p.bmp
s_sgdrill.mdl,0,8410,resource/WeaponPaint/texture/@y20s3sc_drill_#256256sc_drill_p.bmp
v_sgdrill.mdl,3,8410,resource/WeaponPaint/texture/@y20s3drill_drill_v.bmp
v_sgdrill_d3a3.mdl,3,8410,resource/WeaponPaint/texture/@y20s3drill_drill_v.bmp
w_svd.mdl,0,8410,resource/WeaponPaint/texture/@y20s3Dragunov_Dragunov_PW.bmp
v_svd.mdl,1,8410,resource/WeaponPaint/texture/@y20s3Dragunov_Dragunov _01.bmp
p_svd.mdl,0,8410,resource/WeaponPaint/texture/@y20s3Dragunov_Dragunov_PW.bmp
s_svd.mdl,1,8410,resource/WeaponPaint/texture/@y20s3Dragunov_Dragunov _01.bmp
s_svd.mdl,0,8410,resource/WeaponPaint/texture/@y20s3Dragunov_Dragunov _02.bmp
v_svd.mdl,0,8410,resource/WeaponPaint/texture/@y20s3Dragunov_Dragunov _02.bmp
w_m950.mdl,0,8410,resource/WeaponPaint/texture/@y20s3m950_#256256m950_p.bmp
w_m950.mdl,1,8410,resource/WeaponPaint/texture/@y20s3m950_#256256m950_p.bmp
w_m950.mdl,2,8410,resource/WeaponPaint/texture/@y20s3m950_#256256m950_p.bmp
v_m950.mdl,0,8410,resource/WeaponPaint/texture/@y20s3m950_m950_v.bmp
v_m950.mdl,3,8410,resource/WeaponPaint/texture/@y20s3m950_m950_v.bmp
v_m950.mdl,4,8410,resource/WeaponPaint/texture/@y20s3m950_m950_v.bmp
p_m950.mdl,0,8410,resource/WeaponPaint/texture/@y20s3m950_#256256m950_p.bmp
p_m950.mdl,1,8410,resource/WeaponPaint/texture/@y20s3m950_#256256m950_p.bmp
p_m950.mdl,2,8410,resource/WeaponPaint/texture/@y20s3m950_#256256m950_p.bmp
s_m950.mdl,0,8410,resource/WeaponPaint/texture/@y20s3m950_#256256m950_p.bmp
s_m950.mdl,2,8410,resource/WeaponPaint/texture/@y20s3m950_#256256m950_p.bmp
s_m950.mdl,3,8410,resource/WeaponPaint/texture/@y20s3m950_#256256m950_p.bmp
v_cannonex.mdl,0,8410,resource/WeaponPaint/texture/y20s3cannonexdragon_$20@004_cannonexdragon.bmp
v_cannonex.mdl,1,8410,resource/WeaponPaint/texture/y20s3dragon_wing_$20@004_dragon_wing.bmp
v_cannonex.mdl,2,8410,resource/WeaponPaint/texture/y20s3cannonex_$20@004_cannonex_v.bmp
w_cannonex.mdl,0,8410,resource/WeaponPaint/texture/@y20s3cannonex_#256256cannonex_p.bmp
w_cannonexb.mdl,0,8410,resource/WeaponPaint/texture/@y20s3cannonex_#256256cannonex_p.bmp
p_cannonex.mdl,0,8410,resource/WeaponPaint/texture/@y20s3cannonex_#256256cannonex_p.bmp
p_cannonexb.mdl,0,8410,resource/WeaponPaint/texture/@y20s3cannonex_#256256cannonex_p.bmp
s_cannonex.mdl,0,8410,resource/WeaponPaint/texture/@y20s3cannonex_#256256cannonex_p.bmp
p_cannonexdragon.mdl,0,8410,resource/WeaponPaint/texture/@y20s3cannonexdragon_p.bmp
v_cannonex_d3a3.mdl,0,8410,resource/WeaponPaint/texture/y20s3cannonexdragon_$20@004_cannonexdragon.bmp
v_cannonex_d3a3.mdl,1,8410,resource/WeaponPaint/texture/y20s3dragon_wing_$20@004_dragon_wing.bmp
v_cannonex_d3a3.mdl,2,8410,resource/WeaponPaint/texture/y20s3cannonex_$20@004_cannonex_v.bmp
w_cannonex_d3a3.mdl,0,8410,resource/WeaponPaint/texture/@y20s3cannonex_#256256cannonex_p.bmp
w_cannonexb_d3a3.mdl,0,8410,resource/WeaponPaint/texture/@y20s3cannonex_#256256cannonex_p.bmp
p_cannonex_d3a3.mdl,0,8410,resource/WeaponPaint/texture/@y20s3cannonex_#256256cannonex_p.bmp
p_cannonexb_d3a3.mdl,0,8410,resource/WeaponPaint/texture/@y20s3cannonex_#256256cannonex_p.bmp
s_cannonex_d3a3.mdl,0,8410,resource/WeaponPaint/texture/@y20s3cannonex_#256256cannonex_p.bmp
p_cannonexdragon_d3a3.mdl,0,8410,resource/WeaponPaint/texture/@y20s3cannonexdragon_p.bmp
w_broad.mdl,0,8410,resource/WeaponPaint/texture/@y20s3broad_divine_#256256broad_divine_p.bmp
v_broad.mdl,0,8410,resource/WeaponPaint/texture/@y20s3broad_divine_v.bmp
p_broad.mdl,0,8410,resource/WeaponPaint/texture/@y20s3broad_divine_#256256broad_divine_p.bmp
s_broad.mdl,0,8410,resource/WeaponPaint/texture/@y20s3broad_divine_#256256broad_divine_p.bmp
w_sg550.mdl,0,8411,resource/WeaponPaint/texture/@y20s3#256256SG550_p.bmp
v_sg550.mdl,0,8411,resource/WeaponPaint/texture/@y20s3sg550_CSO_SG550.bmp
p_sg550.mdl,0,8411,resource/WeaponPaint/texture/@y20s3#256256SG550_p.bmp
s_sg550.mdl,0,8411,resource/WeaponPaint/texture/@y20s3sg550_CSO_SG550.bmp
w_xm1014.mdl,0,8411,resource/WeaponPaint/texture/@y20s3xm1014_xm1014.bmp
v_xm1014.mdl,0,8411,resource/WeaponPaint/texture/@y20s3xm1014_xm1014-or.bmp
p_xm1014.mdl,0,8411,resource/WeaponPaint/texture/@y20s3xm1014_xm1014.bmp
s_xm1014.mdl,0,8411,resource/WeaponPaint/texture/@y20s3xm1014_xm1014.bmp
w_kronos3.mdl,0,8411,resource/WeaponPaint/texture/@y20s3argus3_#256256argus3_p.bmp
v_kronos3.mdl,1,8411,resource/WeaponPaint/texture/@y20s3argus3_argus3_v.bmp
p_kronos3.mdl,0,8411,resource/WeaponPaint/texture/@y20s3argus3_#256256argus3_p.bmp
s_kronos3.mdl,0,8411,resource/WeaponPaint/texture/@y20s3argus3_#256256argus3_p.bmp
v_strong_knife.mdl,0,8411,resource/WeaponPaint/texture/@y20s3Knife_CSO_Knife.bmp
p_strong_knife.mdl,0,8411,resource/WeaponPaint/texture/@y20s3Knife_CSO_Knife.bmp
w_m32.mdl,0,8411,resource/WeaponPaint/texture/@y20s3m32mgl_#256256m32mgl_vari-p.bmp
v_m32.mdl,2,8411,resource/WeaponPaint/texture/@y20s3m32mgl_m32mgl-vari.bmp
p_m32.mdl,0,8411,resource/WeaponPaint/texture/@y20s3m32mgl_#256256m32mgl_vari-p.bmp
s_m32.mdl,0,8411,resource/WeaponPaint/texture/@y20s3m32mgl_#256256m32mgl_vari-p.bmp
w_gungnir.mdl,0,8424,resource/WeaponPaint/texture/gungnirsigma_p.bmp
p_gungnirA.mdl,0,8424,resource/WeaponPaint/texture/gungnirsigma_p.bmp
p_gungnirB.mdl,0,8424,resource/WeaponPaint/texture/gungnirsigma_p.bmp
p_gungnirB.mdl,1,8424,resource/WeaponPaint/texture/gungnirsigma_blade_p.bmp
gungnir_missile.mdl,0,8424,resource/WeaponPaint/texture/gungnirsigma_p.bmp
s_gungnir.mdl,0,8424,resource/WeaponPaint/texture/gungnirsigma_p.bmp
v_gungnir.mdl,2,8424,resource/WeaponPaint/texture/gungnirsigma01_v.bmp
v_gungnir.mdl,3,8424,resource/WeaponPaint/texture/gungnirsigma02_v.bmp
v_gungnir.mdl,11,8424,resource/WeaponPaint/texture/gungnirsigma_blade_v.bmp
w_kronos3.mdl,0,8422,resource/WeaponPaint/texture/@kronos3ex_#256256argus3_p.bmp
v_kronos3.mdl,1,8422,resource/WeaponPaint/texture/@kronos3ex_argus3_v.bmp
p_kronos3.mdl,0,8422,resource/WeaponPaint/texture/@kronos3ex_#256256argus3_p.bmp
s_kronos3.mdl,0,8422,resource/WeaponPaint/texture/@kronos3ex_#256256argus3_p.bmp
p_dualswordm_a.mdl,1,8423,resource/WeaponPaint/texture/@dualswordmex_#256256dualswordm_00_p.bmp
p_dualswordm_a.mdl,0,8423,resource/WeaponPaint/texture/@dualswordmex_#256256dualswordm_01_p.bmp
p_dualswordm_b.mdl,1,8423,resource/WeaponPaint/texture/@dualswordmex_#256256dualswordm_00_p.bmp
p_dualswordm_b.mdl,0,8423,resource/WeaponPaint/texture/@dualswordmex_#256256dualswordm_01_p.bmp
v_dualswordm.mdl,0,8423,resource/WeaponPaint/texture/@dualswordmex_dualswordm_00_v.bmp
v_dualswordm.mdl,1,8423,resource/WeaponPaint/texture/@dualswordmex_dualswordm_01_v.bmp
v_usas.mdl,0,8448,resource/WeaponPaint/texture/@chn12thUsas12.bmp
p_usas.mdl,0,8448,resource/WeaponPaint/texture/@chn12thUsas12_SM.bmp
w_usas.mdl,0,8448,resource/WeaponPaint/texture/@chn12thUsas12_SM.bmp
s_usas12.mdl,0,8448,resource/WeaponPaint/texture/@chn12thUsas12_SM.bmp
v_ksg12.mdl,2,8448,resource/WeaponPaint/texture/@chn12th keltec_512.bmp
v_ksg12.mdl,3,8448,resource/WeaponPaint/texture/@chn12th keltec_512.bmp
v_ksg12.mdl,4,8448,resource/WeaponPaint/texture/@chn12th keltec_512.bmp
p_ksg12.mdl,0,8448,resource/WeaponPaint/texture/@chn12th #256256keltec_256.bmp
p_ksg12.mdl,1,8448,resource/WeaponPaint/texture/@chn12th #256256keltec_256.bmp
p_ksg12.mdl,2,8448,resource/WeaponPaint/texture/@chn12th #256256keltec_256.bmp
w_ksg12.mdl,0,8448,resource/WeaponPaint/texture/@chn12th #256256keltec_256.bmp
w_ksg12.mdl,1,8448,resource/WeaponPaint/texture/@chn12th #256256keltec_256.bmp
w_ksg12.mdl,2,8448,resource/WeaponPaint/texture/@chn12th #256256keltec_256.bmp
s_ksg12.mdl,0,8448,resource/WeaponPaint/texture/@chn12th #256256keltec_256.bmp
s_ksg12.mdl,1,8448,resource/WeaponPaint/texture/@chn12th #256256keltec_256.bmp
s_ksg12.mdl,2,8448,resource/WeaponPaint/texture/@chn12th #256256keltec_256.bmp
v_spas12.mdl,0,8448,resource/WeaponPaint/texture/@chn12thspas-12.bmp
p_spas12.mdl,0,8448,resource/WeaponPaint/texture/@chn12thspas-12 pmodel.bmp
w_spas12.mdl,0,8448,resource/WeaponPaint/texture/@chn12thspas-12 pmodel.bmp
s_spas12.mdl,0,8448,resource/WeaponPaint/texture/@chn12thspas-12 pmodel.bmp
v_kronos12.mdl,2,8448,resource/WeaponPaint/texture/@chn12th argus12_v.bmp
p_kronos12.mdl,0,8448,resource/WeaponPaint/texture/@chn12th #256256argus12_p.bmp
w_kronos12.mdl,0,8448,resource/WeaponPaint/texture/@chn12th #256256argus12_p.bmp
s_kronos12.mdl,0,8448,resource/WeaponPaint/texture/@chn12th #256256argus12_p.bmp
v_gunkata.mdl,0,8449,resource/WeaponPaint/texture/@gunkatacn1_gunslinger_v.bmp
v_gunkata.mdl,1,8449,resource/WeaponPaint/texture/@gunkatacn1_gunslinger_v_gold.bmp
p_gunkata.mdl,0,8449,resource/WeaponPaint/texture/@gunkatacn1_#256256gunslinger_p.bmp
p_gunkata2.mdl,0,8449,resource/WeaponPaint/texture/@gunkatacn1_#256256gunslinger_p.bmp
w_gunkata.mdl,0,8449,resource/WeaponPaint/texture/@gunkatacn1_#256256gunslinger_p.bmp
s_gunkata.mdl,1,8449,resource/WeaponPaint/texture/@gunkatacn1_#256256gunslinger_p.bmp
v_gunkata.mdl,0,8450,resource/WeaponPaint/texture/$20@004gunslingerkr1_v.bmp
v_gunkata.mdl,1,8450,resource/WeaponPaint/texture/$20@004gunslingerkr1_v_gold.bmp
p_gunkata.mdl,0,8450,resource/WeaponPaint/texture/gunslingerkr1_p.bmp
p_gunkata2.mdl,0,8450,resource/WeaponPaint/texture/gunslingerkr1_p.bmp
w_gunkata.mdl,0,8450,resource/WeaponPaint/texture/gunslingerkr1_p.bmp
s_gunkata.mdl,1,8450,resource/WeaponPaint/texture/gunslingerkr1_p.bmp
w_gungnir.mdl,0,8451,resource/WeaponPaint/texture/#256256gungnirtw1_p.bmp
p_gungnirA.mdl,0,8451,resource/WeaponPaint/texture/#256256gungnirtw1_p.bmp
p_gungnirB.mdl,0,8451,resource/WeaponPaint/texture/#256256gungnirtw1_p.bmp
p_gungnirB.mdl,1,8451,resource/WeaponPaint/texture/$0b_gungnirtw1_blade_p.bmp
gungnir_missile.mdl,0,8451,resource/WeaponPaint/texture/#256256gungnirtw1_p.bmp
s_gungnir.mdl,0,8451,resource/WeaponPaint/texture/#256256gungnirtw1_p.bmp
v_gungnir.mdl,2,8451,resource/WeaponPaint/texture/gungnir01tw1_v.bmp
v_gungnir.mdl,3,8451,resource/WeaponPaint/texture/gungnir02tw1_v.bmp
v_gungnir.mdl,11,8451,resource/WeaponPaint/texture/$0b_gungnirtw1_blade_v.bmp
v_summonknife.mdl,0,8452,resource/WeaponPaint/texture/@summonknifena1_summonknife_v_blade.bmp
v_summonknife.mdl,1,8452,resource/WeaponPaint/texture/@summonknifena1_summonknife_v.bmp
p_summonknife_a.mdl,0,8452,resource/WeaponPaint/texture/@summonknifena1_#256256summonknife_skin_p.bmp
p_summonknife_a.mdl,1,8452,resource/WeaponPaint/texture/@summonknifena1_#128128summonknife_p_blade.bmp
p_summonknife_b.mdl,0,8452,resource/WeaponPaint/texture/@summonknifena1_#256256summonknife_skin_p.bmp
p_summonknife_b.mdl,1,8452,resource/WeaponPaint/texture/@summonknifena1_#128128summonknife_p_blade.bmp
p_summonknife_charging.mdl,0,8452,resource/WeaponPaint/texture/$0b_summonknifena1_p.bmp
p_summonknife_charging.mdl,1,8452,resource/WeaponPaint/texture/@summonknifena1_#256256summonknife_skin_p.bmp
p_summonknife_charging.mdl,2,8452,resource/WeaponPaint/texture/@summonknifena1_#128128summonknife_p_blade.bmp
v_mp5.mdl,0,8379,resource/WeaponPaint/texture/@y20s2MP5-gold-1model.bmp
p_mp5_2.mdl,0,8379,resource/WeaponPaint/texture/@y20s2MP5-gold-3model.bmp
w_mp5_2.mdl,0,8379,resource/WeaponPaint/texture/@y20s2MP5-gold-3model.bmp
s_mp5_2.mdl,0,8379,resource/WeaponPaint/texture/@y20s2MP5-gold-3model.bmp
v_plasmagun.mdl,0,8454,resource/WeaponPaint/texture/y21s1plasma_v_alpha.bmp
v_plasmagun.mdl,3,8454,resource/WeaponPaint/texture/y21s1plasma_v.bmp
p_plasmagun.mdl,0,8454,resource/WeaponPaint/texture/y21s1plasma_p_alpha.bmp
p_plasmagun.mdl,1,8454,resource/WeaponPaint/texture/y21s1#256256plasmagun_p.bmp
w_plasmagun.mdl,0,8454,resource/WeaponPaint/texture/y21s1plasma_p_alpha.bmp
w_plasmagun.mdl,1,8454,resource/WeaponPaint/texture/y21s1#256256plasmagun_p.bmp
s_plasmagun.mdl,0,8454,resource/WeaponPaint/texture/y21s1plasma_p_alpha.bmp
s_plasmagun.mdl,1,8454,resource/WeaponPaint/texture/y21s1#256256plasmagun_p.bmp
v_plasmagun_d3a3.mdl,0,8454,resource/WeaponPaint/texture/y21s1plasma_v_alpha.bmp
v_plasmagun_d3a3.mdl,3,8454,resource/WeaponPaint/texture/y21s1plasma_v.bmp
p_plasmagun_d3a3.mdl,0,8454,resource/WeaponPaint/texture/y21s1plasma_p_alpha.bmp
p_plasmagun_d3a3.mdl,1,8454,resource/WeaponPaint/texture/y21s1#256256plasmagun_p.bmp
w_plasmagun_d3a3.mdl,0,8454,resource/WeaponPaint/texture/y21s1plasma_p_alpha.bmp
w_plasmagun_d3a3.mdl,1,8454,resource/WeaponPaint/texture/y21s1#256256plasmagun_p.bmp
s_plasmagun_d3a3.mdl,0,8454,resource/WeaponPaint/texture/y21s1plasma_p_alpha.bmp
s_plasmagun_d3a3.mdl,1,8454,resource/WeaponPaint/texture/y21s1#256256plasmagun_p.bmp
v_buffaug.mdl,0,8454,resource/WeaponPaint/texture/y21s1$20@004buffaug01_v.bmp
v_buffaug.mdl,1,8454,resource/WeaponPaint/texture/y21s1$20@004buffaug02_v.bmp
p_buffaug.mdl,0,8454,resource/WeaponPaint/texture/y21s1#256255buffaug_p.bmp
w_buffaug.mdl,0,8454,resource/WeaponPaint/texture/y21s1#256255buffaug_p.bmp
s_buffaug.mdl,0,8454,resource/WeaponPaint/texture/y21s1#256255buffaug_p.bmp
v_bouncer.mdl,1,8454,resource/WeaponPaint/texture/y21s1bouncer_v.bmp
p_bouncer.mdl,0,8454,resource/WeaponPaint/texture/y21s1#256256bouncer_p.bmp
w_bouncer.mdl,0,8454,resource/WeaponPaint/texture/y21s1#256256bouncer_p.bmp
s_bouncer.mdl,0,8454,resource/WeaponPaint/texture/y21s1#256256bouncer_p.bmp
v_mk3a1.mdl,0,8455,resource/WeaponPaint/texture/y21s1Jackhammer_v.bmp
p_mk3a1.mdl,0,8455,resource/WeaponPaint/texture/y21s1#256256Jackhammer_p.bmp
w_mk3a1.mdl,0,8455,resource/WeaponPaint/texture/y21s1#256256Jackhammer_p.bmp
s_mk3a1.mdl,0,8455,resource/WeaponPaint/texture/y21s1#256256Jackhammer_p.bmp
p_holysword.mdl,0,8455,resource/WeaponPaint/texture/y21s1$20@001holysword_p.bmp
p_holysword_parrying.mdl,0,8455,resource/WeaponPaint/texture/y21s1$20@001holysword_p.bmp
p_holysword2.mdl,0,8455,resource/WeaponPaint/texture/y21s1$20@001holysword_p.bmp
p_holysword_fullstack.mdl,0,8455,resource/WeaponPaint/texture/y21s1$20@001holysword_p.bmp
v_holysword.mdl,2,8455,resource/WeaponPaint/texture/$0bholy_sword_ef_weaponpaint19s2ct.bmp
v_holysword.mdl,3,8455,resource/WeaponPaint/texture/$0bholy_light1_weaponpaint19s2ct.bmp
v_holysword.mdl,4,8455,resource/WeaponPaint/texture/y21s1$20@003_holysword_v_g.bmp
v_holysword.mdl,5,8455,resource/WeaponPaint/texture/y21s1$20@004_holysword_v.bmp
v_kronos3.mdl,1,8455,resource/WeaponPaint/texture/y21s1argus3_v.bmp
p_kronos3.mdl,0,8455,resource/WeaponPaint/texture/y21s1#256256argus3_p.bmp
w_kronos3.mdl,0,8455,resource/WeaponPaint/texture/y21s1#256256argus3_p.bmp
s_kronos3.mdl,0,8455,resource/WeaponPaint/texture/y21s1#256256argus3_p.bmp
v_desperado.mdl,7,8455,resource/WeaponPaint/texture/y21s1$20@004_desperado_man01_v.bmp
v_desperado.mdl,9,8455,resource/WeaponPaint/texture/y21s1$20@005_desperado_man03_v.bmp
v_desperado.mdl,8,8455,resource/WeaponPaint/texture/y21s1$20@005_desperado_man03_v.bmp
v_desperado.mdl,4,8455,resource/WeaponPaint/texture/y21s1$20@004_desperado_woman01_v.bmp
v_desperado.mdl,6,8455,resource/WeaponPaint/texture/y21s1$20@004_desperado_woman02_v.bmp
v_desperado.mdl,5,8455,resource/WeaponPaint/texture/y21s1$20@004_desperado_woman03_v.bmp
p_desperado_w.mdl,0,8455,resource/WeaponPaint/texture/y21s1#256254desperado_woman_p.bmp
w_desperado.mdl,0,8455,resource/WeaponPaint/texture/y21s1#256254desperado_woman_p.bmp
s_desperado.mdl,0,8455,resource/WeaponPaint/texture/y21s1#256254desperado_woman_p.bmp
p_desperado_m.mdl,0,8455,resource/WeaponPaint/texture/y21s1#256256desperado_man_p.bmp
w_desperado.mdl,1,8455,resource/WeaponPaint/texture/y21s1#256256desperado_man_p.bmp
s_desperado.mdl,1,8455,resource/WeaponPaint/texture/y21s1#256256desperado_man_p.bmp
v_desperado_d3a3.mdl,7,8455,resource/WeaponPaint/texture/y21s1$20@004_desperado_man01_v.bmp
v_desperado_d3a3.mdl,9,8455,resource/WeaponPaint/texture/y21s1$20@005_desperado_man03_v.bmp
v_desperado_d3a3.mdl,8,8455,resource/WeaponPaint/texture/y21s1$20@005_desperado_man03_v.bmp
v_desperado_d3a3.mdl,4,8455,resource/WeaponPaint/texture/y21s1$20@004_desperado_woman01_v.bmp
v_desperado_d3a3.mdl,6,8455,resource/WeaponPaint/texture/y21s1$20@004_desperado_woman02_v.bmp
v_desperado_d3a3.mdl,5,8455,resource/WeaponPaint/texture/y21s1$20@004_desperado_woman03_v.bmp
p_desperado_w_d3a3.mdl,0,8455,resource/WeaponPaint/texture/y21s1#256254desperado_woman_p.bmp
w_desperado_d3a3.mdl,0,8455,resource/WeaponPaint/texture/y21s1#256254desperado_woman_p.bmp
s_desperado_d3a3.mdl,0,8455,resource/WeaponPaint/texture/y21s1#256254desperado_woman_p.bmp
p_desperado_m_d3a3.mdl,0,8455,resource/WeaponPaint/texture/y21s1#256256desperado_man_p.bmp
w_desperado_d3a3.mdl,1,8455,resource/WeaponPaint/texture/y21s1#256256desperado_man_p.bmp
s_desperado_d3a3.mdl,1,8455,resource/WeaponPaint/texture/y21s1#256256desperado_man_p.bmp
v_mp5.mdl,0,8455,resource/WeaponPaint/texture/y21s1CSO_mp5.bmp
p_mp5_2.mdl,0,8455,resource/WeaponPaint/texture/y21s1#256256mp5.bmp
w_mp5_2.mdl,0,8455,resource/WeaponPaint/texture/y21s1#256256mp5.bmp
s_mp5_2.mdl,0,8455,resource/WeaponPaint/texture/y21s1#256256mp5.bmp
v_famas.mdl,0,8454,resource/WeaponPaint/texture/y21s1CSO_Famas.bmp
p_famas.mdl,0,8454,resource/WeaponPaint/texture/y21s1p_famas.bmp
w_famas.mdl,0,8454,resource/WeaponPaint/texture/y21s1p_famas.bmp
s_famas.mdl,0,8454,resource/WeaponPaint/texture/y21s1p_famas.bmp
v_dualsword.mdl,0,8454,resource/WeaponPaint/texture/y21s1$20@004_phantomslasher_02_v.bmp
v_dualsword.mdl,1,8454,resource/WeaponPaint/texture/y21s1$20@004_phantomslasher_01_v.bmp
p_dualsword_a.mdl,0,8454,resource/WeaponPaint/texture/y21s1#256256phantom_slasher_dual_p.bmp
p_dualsword_b.mdl,0,8454,resource/WeaponPaint/texture/y21s1#256256phantom_slasher_dual_p.bmp
v_buffaug.mdl,0,8496,resource/WeaponPaint/texture/21rb01$20@004buffaug01_v.bmp
v_buffaug.mdl,1,8496,resource/WeaponPaint/texture/21rb01$20@004buffaug02_v.bmp
p_buffaug.mdl,0,8496,resource/WeaponPaint/texture/21rb#256255buffaug_p.bmp
w_buffaug.mdl,0,8496,resource/WeaponPaint/texture/21rb#256255buffaug_p.bmp
s_buffaug.mdl,0,8496,resource/WeaponPaint/texture/21rb#256255buffaug_p.bmp
v_bloodhunter.mdl,2,8519,resource/WeaponPaint/texture/y21s2@004_bloodhunter_v.bmp
p_bloodhunter.mdl,0,8519,resource/WeaponPaint/texture/y21s2#256256bloodhunter_p.bmp
w_bloodhunter.mdl,0,8519,resource/WeaponPaint/texture/y21s2#256256bloodhunter_p.bmp
s_bloodhunter.mdl,1,8519,resource/WeaponPaint/texture/y21s2#256256bloodhunter_p.bmp
v_bloodhunter_left.mdl,2,8519,resource/WeaponPaint/texture/y21s2@004_bloodhunter_v.bmp
w_bloodhunter_left.mdl,2,8519,resource/WeaponPaint/texture/y21s2@004_bloodhunter_v.bmp
v_bloodhunter_d3a3.mdl,2,8519,resource/WeaponPaint/texture/y21s2@004_bloodhunter_v.bmp
p_bloodhunter_d3a3.mdl,0,8519,resource/WeaponPaint/texture/y21s2#256256bloodhunter_p.bmp
w_bloodhunter_d3a3.mdl,0,8519,resource/WeaponPaint/texture/y21s2#256256bloodhunter_p.bmp
s_bloodhunter_d3a3.mdl,1,8519,resource/WeaponPaint/texture/y21s2#256256bloodhunter_p.bmp
v_bloodhunter_left_d3a3.mdl,2,8519,resource/WeaponPaint/texture/y21s2@004_bloodhunter_v.bmp
w_bloodhunter_left_d3a3.mdl,2,8519,resource/WeaponPaint/texture/y21s2@004_bloodhunter_v.bmp
w_railcannon.mdl,0,8519,resource/WeaponPaint/texture/y21s2#256256railcannon_p.bmp
p_railcannon.mdl,0,8519,resource/WeaponPaint/texture/y21s2#256256railcannon_p.bmp
s_railcannon.mdl,0,8519,resource/WeaponPaint/texture/y21s2#256256railcannon_p.bmp
v_railcannon.mdl,0,8519,resource/WeaponPaint/texture/y21s2railcannon_v.bmp
v_sg550.mdl,0,8519,resource/WeaponPaint/texture/y21s2SG550_v.bmp
s_sg550.mdl,0,8519,resource/WeaponPaint/texture/y21s2#256256SG550_p.bmp
w_sg550.mdl,0,8519,resource/WeaponPaint/texture/y21s2#256256SG550_p.bmp
p_sg550.mdl,0,8519,resource/WeaponPaint/texture/y21s2#256256SG550_p.bmp
v_stormgiant.mdl,0,8519,resource/WeaponPaint/texture/y21s2$20@004_sg_2.bmp
v_stormgiant.mdl,1,8519,resource/WeaponPaint/texture/y21s2$20@004_sg_2.bmp
v_stormgiant.mdl,2,8519,resource/WeaponPaint/texture/y21s2$20@004_sg_1.bmp
v_stormgiant.mdl,4,8519,resource/WeaponPaint/texture/y21s2$0b_ef_swing1.bmp
v_stormgiant.mdl,5,8519,resource/WeaponPaint/texture/y21s2$0b_ef_lt_2.bmp
v_stormgiant.mdl,6,8519,resource/WeaponPaint/texture/y21s2$0b_ef_lt_1.bmp
v_stormgiant.mdl,7,8519,resource/WeaponPaint/texture/y21s2$0b_ef_sg2.bmp
v_stormgiant.mdl,8,8519,resource/WeaponPaint/texture/y21s2$0b_ef_sg1.bmp
p_stormgiant.mdl,0,8519,resource/WeaponPaint/texture/y21s2storm_giant_p.bmp
s_stormgiant.mdl,0,8519,resource/WeaponPaint/texture/y21s2storm_giant_p.bmp
v_stormgiant_d3a3.mdl,0,8519,resource/WeaponPaint/texture/y21s2$20@004_sg_2.bmp
v_stormgiant_d3a3.mdl,1,8519,resource/WeaponPaint/texture/y21s2$20@004_sg_2.bmp
v_stormgiant_d3a3.mdl,2,8519,resource/WeaponPaint/texture/y21s2$20@004_sg_1.bmp
v_stormgiant_d3a3.mdl,4,8519,resource/WeaponPaint/texture/y21s2$0b_ef_swing1.bmp
v_stormgiant_d3a3.mdl,5,8519,resource/WeaponPaint/texture/y21s2$0b_ef_lt_2.bmp
v_stormgiant_d3a3.mdl,6,8519,resource/WeaponPaint/texture/y21s2$0b_ef_lt_1.bmp
v_stormgiant_d3a.mdl,7,8519,resource/WeaponPaint/texture/y21s2$0b_ef_sg2.bmp
v_stormgiant_d3a.mdl,8,8519,resource/WeaponPaint/texture/y21s2$0b_ef_sg1.bmp
p_stormgiant_d3a3.mdl,0,8519,resource/WeaponPaint/texture/y21s2storm_giant_p.bmp
s_stormgiant_d3a3.mdl,0,8519,resource/WeaponPaint/texture/y21s2storm_giant_p.bmp
v_airburster.mdl,0,8519,resource/WeaponPaint/texture/y21s2air_burster_v.bmp
p_airburster.mdl,0,8519,resource/WeaponPaint/texture/y21s2#256256air_burster_p.bmp
w_airburster.mdl,0,8519,resource/WeaponPaint/texture/y21s2#256256air_burster_p.bmp
s_airburster.mdl,0,8519,resource/WeaponPaint/texture/y21s2#256256air_burster_p.bmp
v_deagle.mdl,0,8520,resource/WeaponPaint/texture/y21s2deagle_v.bmp
w_deagle.mdl,0,8520,resource/WeaponPaint/texture/y21s2#256256deagle_p.bmp
p_deagle.mdl,0,8520,resource/WeaponPaint/texture/y21s2#256256deagle_p.bmp
s_deserteagle.mdl,1,8520,resource/WeaponPaint/texture/y21s2#256256deagle_p.bmp
w_broad.mdl,0,8520,resource/WeaponPaint/texture/y21s2#256256broad_divine_p.bmp
v_broad.mdl,0,8520,resource/WeaponPaint/texture/y21s2divine_v.bmp
p_broad.mdl,0,8520,resource/WeaponPaint/texture/y21s2#256256broad_divine_p.bmp
s_broad.mdl,0,8520,resource/WeaponPaint/texture/y21s2#256256broad_divine_p.bmp
v_kronos12.mdl,0,8520,resource/WeaponPaint/texture/y21s2argus12_scope_effect.bmp
v_kronos12.mdl,1,8520,resource/WeaponPaint/texture/y21s2$0b_argus3_dotsight_v_02.bmp
v_kronos12.mdl,2,8520,resource/WeaponPaint/texture/y21s2argus12_v.bmp
p_kronos12.mdl,0,8520,resource/WeaponPaint/texture/y21s2#256256argus12_p.bmp
w_kronos12.mdl,0,8520,resource/WeaponPaint/texture/y21s2#256256argus12_p.bmp
s_kronos12.mdl,0,8520,resource/WeaponPaint/texture/y21s2#256256argus12_p.bmp
v_bendita.mdl,0,8520,resource/WeaponPaint/texture/y21s2bendita_v.bmp
v_bendita.mdl,4,8520,resource/WeaponPaint/texture/y21s2bendita_v.bmp
w_bendita.mdl,0,8520,resource/WeaponPaint/texture/y21s2#256256bendita_p.bmp
w_bendita.mdl,1,8520,resource/WeaponPaint/texture/y21s2#256256bendita_p.bmp
s_bendita.mdl,0,8520,resource/WeaponPaint/texture/y21s2#256256bendita_p.bmp
s_bendita.mdl,1,8520,resource/WeaponPaint/texture/y21s2#256256bendita_p.bmp
p_bendita.mdl,0,8520,resource/WeaponPaint/texture/y21s2#256256bendita_p.bmp
p_bendita.mdl,1,8520,resource/WeaponPaint/texture/y21s2#256256bendita_p.bmp
v_lance.mdl,0,8520,resource/WeaponPaint/texture/y21s2$20@004_y20s4_buff01_v.bmp
v_lance.mdl,1,8520,resource/WeaponPaint/texture/y21s2$20@004_y20s4_buff02_v.bmp
p_lance.mdl,0,8520,resource/WeaponPaint/texture/y21s2#256256y20s4_buff_p.bmp
v_glock18.mdl,0,8542,resource/WeaponPaint/texture/y21s3glock18c_v.bmp
p_glock18.mdl,0,8542,resource/WeaponPaint/texture/y21s3#256256glock18c_p.bmp
w_glock18.mdl,0,8542,resource/WeaponPaint/texture/y21s3#256256glock18c_p.bmp
s_glock18.mdl,0,8542,resource/WeaponPaint/texture/y21s3#256256glock18c_p.bmp
v_skullaxe.mdl,0,8542,resource/WeaponPaint/texture/y21s3axe -v.bmp
p_skullaxe.mdl,0,8542,resource/WeaponPaint/texture/y21s3axe-p.bmp
w_skullaxe.mdl,0,8542,resource/WeaponPaint/texture/y21s3axe-p.bmp
v_magicmg.mdl,2,8542,resource/WeaponPaint/texture/y21s3Magic_weapon_v.bmp
p_magicmg.mdl,0,8542,resource/WeaponPaint/texture/y21s3#256256magicmg_p.bmp
w_magicmg.mdl,0,8542,resource/WeaponPaint/texture/y21s3#256256magicmg_p.bmp
s_magicmg.mdl,0,8542,resource/WeaponPaint/texture/y21s3#256256magicmg_p.bmp
v_chainsaw.mdl,2,8542,resource/WeaponPaint/texture/y21s3chainsaw_v.bmp
v_chainsaw.mdl,3,8542,resource/WeaponPaint/texture/y21s3chainsaw_v.bmp
p_chainsaw.mdl,0,8542,resource/WeaponPaint/texture/y21s3chainsaw_p.bmp
p_chainsaw.mdl,1,8542,resource/WeaponPaint/texture/y21s3chainsaw_p.bmp
w_chainsaw.mdl,0,8542,resource/WeaponPaint/texture/y21s3chainsaw_p.bmp
w_chainsaw.mdl,1,8542,resource/WeaponPaint/texture/y21s3chainsaw_p.bmp
s_chainsaw.mdl,0,8542,resource/WeaponPaint/texture/y21s3chainsaw_p.bmp
s_chainsaw.mdl,1,8542,resource/WeaponPaint/texture/y21s3chainsaw_p.bmp
v_jetgun.mdl,0,8542,resource/WeaponPaint/texture/y21s3$20@003_y20s1_guntlet_vgold.bmp
v_jetgun.mdl,1,8542,resource/WeaponPaint/texture/y21s3$20@004_y20s1_guntlet_v.bmp
p_jetgun.mdl,0,8542,resource/WeaponPaint/texture/y21s3#256256y20s1_guntlet_p_blue.bmp
p_jetgun.mdl,1,8542,resource/WeaponPaint/texture/y21s3#256256y20s1_guntlet_bag_blue.bmp
w_jetgun.mdl,0,8542,resource/WeaponPaint/texture/y21s3#256256y20s1_guntlet_p_blue.bmp
w_jetgun.mdl,1,8542,resource/WeaponPaint/texture/y21s3#256256y20s1_guntlet_bag_blue.bmp
s_jetgun.mdl,0,8542,resource/WeaponPaint/texture/y21s3#256256y20s1_guntlet_bag_blue.bmp
s_jetgun.mdl,1,8542,resource/WeaponPaint/texture/y21s3#256256y20s1_guntlet_p_blue.bmp
v_k3.mdl,0,8543,resource/WeaponPaint/texture/y21s3k3_v.bmp
p_k3.mdl,0,8543,resource/WeaponPaint/texture/y21s3#256256k3_p.bmp
w_k3.mdl,0,8543,resource/WeaponPaint/texture/y21s3#256256k3_p.bmp
s_k3.mdl,0,8543,resource/WeaponPaint/texture/y21s3#256256k3_p.bmp
v_balrog11_dekal.mdl,0,8543,resource/WeaponPaint/texture/y21s3balrog-11_v.bmp
p_balrog11_dekal.mdl,0,8543,resource/WeaponPaint/texture/y21s3#256256balrog-11_p.bmp
w_balrog11_dekal.mdl,0,8543,resource/WeaponPaint/texture/y21s3#256256balrog-11_p.bmp
s_balrog11_dekal.mdl,0,8543,resource/WeaponPaint/texture/y21s3#256256balrog-11_p.bmp
v_m950.mdl,0,8543,resource/WeaponPaint/texture/y21s3m950_v.bmp
v_m950.mdl,3,8543,resource/WeaponPaint/texture/y21s3m950_v.bmp
v_m950.mdl,4,8543,resource/WeaponPaint/texture/y21s3m950_v.bmp
p_m950.mdl,0,8543,resource/WeaponPaint/texture/y21s3#256256m950_p.bmp
p_m950.mdl,1,8543,resource/WeaponPaint/texture/y21s3#256256m950_p.bmp
p_m950.mdl,2,8543,resource/WeaponPaint/texture/y21s3#256256m950_p.bmp
w_m950.mdl,0,8543,resource/WeaponPaint/texture/y21s3#256256m950_p.bmp
w_m950.mdl,1,8543,resource/WeaponPaint/texture/y21s3#256256m950_p.bmp
w_m950.mdl,2,8543,resource/WeaponPaint/texture/y21s3#256256m950_p.bmp
s_m950.mdl,0,8543,resource/WeaponPaint/texture/y21s3#256256m950_p.bmp
s_m950.mdl,2,8543,resource/WeaponPaint/texture/y21s3#256256m950_p.bmp
s_m950.mdl,3,8543,resource/WeaponPaint/texture/y21s3#256256m950_p.bmp
v_buffsg552.mdl,0,8543,resource/WeaponPaint/texture/y21s3$20@004_buffsg552_01.bmp
v_buffsg552.mdl,1,8543,resource/WeaponPaint/texture/y21s3$20@001_buffsg552_02.bmp
v_buffsg552.mdl,2,8543,resource/WeaponPaint/texture/y21s3$20@004_moon.bmp
p_buffsg552.mdl,0,8543,resource/WeaponPaint/texture/y21s3#256256buffsg552_p.bmp
w_buffsg552.mdl,0,8543,resource/WeaponPaint/texture/y21s3#256256buffsg552_p.bmp
s_buffsg552.mdl,0,8543,resource/WeaponPaint/texture/y21s3#256256buffsg552_p.bmp
v_buffsg552_d3a3.mdl,0,8543,resource/WeaponPaint/texture/y21s3$20@004_buffsg552_01.bmp
v_buffsg552_d3a3.mdl,1,8543,resource/WeaponPaint/texture/y21s3$20@001_buffsg552_02.bmp
v_buffsg552_d3a3.mdl,2,8543,resource/WeaponPaint/texture/y21s3$20@004_moon.bmp
p_buffsg552_d3a3.mdl,0,8543,resource/WeaponPaint/texture/y21s3#256256buffsg552_p.bmp
w_buffsg552_d3a3.mdl,0,8543,resource/WeaponPaint/texture/y21s3#256256buffsg552_p.bmp
s_buffsg552_d3a3.mdl,0,8543,resource/WeaponPaint/texture/y21s3#256256buffsg552_p.bmp
v_runeblade.mdl,0,8543,resource/WeaponPaint/texture/y21s3$20@001_runeblade_v01.bmp
v_runeblade.mdl,1,8543,resource/WeaponPaint/texture/y21s3$20@001_runeblade_v02.bmp
p_runeblade.mdl,0,8543,resource/WeaponPaint/texture/y21s3runeblade_p.bmp
v_runeblade_d3f3.mdl,0,8543,resource/WeaponPaint/texture/y21s3$20@001_runeblade_v01.bmp
v_runeblade_d3f3.mdl,1,8543,resource/WeaponPaint/texture/y21s3$20@001_runeblade_v02.bmp
p_runeblade_d3f3.mdl,0,8543,resource/WeaponPaint/texture/y21s3runeblade_p.bmp
v_magicknife.mdl,2,8586,resource/WeaponPaint/texture/y21s4$20magicsword_ef.bmp
v_magicknife.mdl,3,8586,resource/WeaponPaint/texture/y21s4magicsword_v.bmp
p_magicknife.mdl,0,8586,resource/WeaponPaint/texture/y21s4#256256magicsword_p.bmp
v_sgmissile.mdl,8,8585,resource/WeaponPaint/texture/y21s4battleship01_01_v.bmp
v_sgmissile.mdl,9,8585,resource/WeaponPaint/texture/y21s4battleship00_01_v.bmp
v_sgmissile.mdl,10,8585,resource/WeaponPaint/texture/y21s4battleship01_02_v.bmp
v_sgmissile.mdl,2,8585,resource/WeaponPaint/texture/y21s4battleship00_02_v.bmp
v_sgmissile.mdl,0,8585,resource/WeaponPaint/texture/y21s4$0b_battleshipo.bmp
v_sgmissile.mdl,23,8585,resource/WeaponPaint/texture/y21s4led11.bmp
v_sgmissile.mdl,22,8585,resource/WeaponPaint/texture/y21s4led10.bmp
v_sgmissile.mdl,21,8585,resource/WeaponPaint/texture/y21s4led09.bmp
v_sgmissile.mdl,20,8585,resource/WeaponPaint/texture/y21s4led08.bmp
v_sgmissile.mdl,19,8585,resource/WeaponPaint/texture/y21s4led07.bmp
v_sgmissile.mdl,18,8585,resource/WeaponPaint/texture/y21s4led06.bmp
v_sgmissile.mdl,17,8585,resource/WeaponPaint/texture/y21s4led05.bmp
v_sgmissile.mdl,16,8585,resource/WeaponPaint/texture/y21s4led04.bmp
v_sgmissile.mdl,15,8585,resource/WeaponPaint/texture/y21s4led03.bmp
v_sgmissile.mdl,14,8585,resource/WeaponPaint/texture/y21s4led02.bmp
v_sgmissile.mdl,1,8585,resource/WeaponPaint/texture/y21s4led01.bmp
p_sgmissile_a.mdl,0,8585,resource/WeaponPaint/texture/y21s4#256256battleship02_p.bmp
p_sgmissile_b.mdl,0,8585,resource/WeaponPaint/texture/y21s4#256256battleship01_p.bmp
w_sgmissile_a.mdl,0,8585,resource/WeaponPaint/texture/y21s4#256256battleship01_p.bmp
s_sgmissile.mdl,0,8585,resource/WeaponPaint/texture/y21s4#256256battleship01_p.bmp
v_elite.mdl,0,8586,resource/WeaponPaint/texture/y21s4CSO_Elite_v.bmp
p_elite.mdl,0,8586,resource/WeaponPaint/texture/y21s4w_elite_p.bmp
w_elite.mdl,0,8586,resource/WeaponPaint/texture/y21s4w_elite_p.bmp
s_elites.mdl,0,8586,resource/WeaponPaint/texture/y21s4CSO_Elite_v.bmp
v_strong_knife.mdl,0,8585,resource/WeaponPaint/texture/y21s4CSO_Knife_v.bmp
p_strong_knife.mdl,0,8585,resource/WeaponPaint/texture/y21s4CSO_Knife_p.bmp
v_Buffm249.mdl,1,8586,resource/WeaponPaint/texture/y21s4$20@004buff_m249_1_v.bmp
v_buffm249.mdl,0,8586,resource/WeaponPaint/texture/y21s4#0b_buff_m249_2_glow.bmp
v_buffm249.mdl,6,8586,resource/WeaponPaint/texture/y21s4buff_m249_2_v.bmp
p_buffm249.mdl,0,8586,resource/WeaponPaint/texture/y21s4#256256buff_m249_p.bmp
w_buffm249.mdl,0,8586,resource/WeaponPaint/texture/y21s4#256256buff_m249_p.bmp
s_buffm249.mdl,0,8586,resource/WeaponPaint/texture/y21s4#256256buff_m249_p.bmp
v_buffaug.mdl,1,8585,resource/WeaponPaint/texture/y21s4$20@004buffaug02_v.bmp
v_buffaug.mdl,0,8585,resource/WeaponPaint/texture/y21s4$20@004buffaug01_v.bmp
p_buffaug.mdl,0,8585,resource/WeaponPaint/texture/y21s4#256255buffaug_p.bmp
w_buffaug.mdl,0,8585,resource/WeaponPaint/texture/y21s4#256255buffaug_p.bmp
s_buffaug.mdl,0,8585,resource/WeaponPaint/texture/y21s4#256255buffaug_p.bmp
v_speargun.mdl,0,8586,resource/WeaponPaint/texture/y21s4speargun_v.bmp
v_speargun.mdl,3,8586,resource/WeaponPaint/texture/y21s4speargun_v.bmp
p_speargun.mdl,0,8586,resource/WeaponPaint/texture/y21s4#256256speargun_p.bmp
p_speargun.mdl,1,8586,resource/WeaponPaint/texture/y21s4#256256speargun_p.bmp
w_speargun.mdl,0,8586,resource/WeaponPaint/texture/y21s4#256256speargun_p.bmp
w_speargun.mdl,1,8586,resource/WeaponPaint/texture/y21s4#256256speargun_p.bmp
s_speargun.mdl,0,8586,resource/WeaponPaint/texture/y21s4#256256speargun_p.bmp
s_speargun.mdl,1,8586,resource/WeaponPaint/texture/y21s4#256256speargun_p.bmp
v_kronos12.mdl,2,8585,resource/WeaponPaint/texture/y21s4argus12_v.bmp
v_kronos12.mdl,3,8585,resource/WeaponPaint/texture/y21s4$0b_argus3_dotsight_v_02.bmp
v_kronos12.mdl,1,8585,resource/WeaponPaint/texture/y21s4argus12_scope_effect.bmp
p_kronos12.mdl,0,8585,resource/WeaponPaint/texture/y21s4#256256argus12_p.bmp
w_kronos12.mdl,0,8585,resource/WeaponPaint/texture/y21s4#256256argus12_p.bmp
s_kronos12.mdl,0,8585,resource/WeaponPaint/texture/y21s4#256256argus12_p.bmp
v_crow1.mdl,0,8585,resource/WeaponPaint/texture/y21s4crow1_v.bmp
p_crow1.mdl,0,8585,resource/WeaponPaint/texture/y21s4#256256crow1_p.bmp
w_crow1.mdl,0,8585,resource/WeaponPaint/texture/y21s4#256256crow1_p.bmp
s_crow1.mdl,1,8585,resource/WeaponPaint/texture/y21s4#256256crow1_p.bmp
p_charger5.mdl,0,8586,resource/WeaponPaint/texture/y21s4#256256charger5_p.bmp
w_charger5.mdl,0,8586,resource/WeaponPaint/texture/y21s4#256256charger5_p.bmp
s_charger5.mdl,0,8586,resource/WeaponPaint/texture/y21s4#256256charger5_p.bmp
v_charger5.mdl,1,8586,resource/WeaponPaint/texture/y21s4charger5_v.bmp
p_sfsniper.mdl,0,8618,resource/WeaponPaint/texture/chn13th#256256sfsniper_p.bmp
p_sfsniper.mdl,1,8618,resource/WeaponPaint/texture/chn13th#256256sfsniper_p.bmp
w_sfsniper.mdl,0,8618,resource/WeaponPaint/texture/chn13th#256256sfsniper_p.bmp
w_sfsniper.mdl,1,8618,resource/WeaponPaint/texture/chn13th#256256sfsniper_p.bmp
s_sfsniper.mdl,0,8618,resource/WeaponPaint/texture/chn13th#256256sfsniper_p.bmp
s_sfsniper.mdl,1,8618,resource/WeaponPaint/texture/chn13th#256256sfsniper_p.bmp
v_sfsniper.mdl,0,8618,resource/WeaponPaint/texture/chn13thsfsniper_v.bmp
v_sfsniper.mdl,3,8618,resource/WeaponPaint/texture/chn13thsfsniper_v.bmp
p_m3_dragon.mdl,0,8618,resource/WeaponPaint/texture/chn13th#256256buf_m3_p.bmp
w_m3_dragon.mdl,0,8618,resource/WeaponPaint/texture/chn13th#256256buf_m3_p.bmp
s_m3_dragon.mdl,0,8618,resource/WeaponPaint/texture/chn13th#256256buf_m3_p.bmp
v_m3drago.mdl,0,8618,resource/WeaponPaint/texture/chn13th$20@004_buf_m3_v_02.bmp
v_m3drago.mdl,1,8618,resource/WeaponPaint/texture/chn13th$20@004_buf_m3_v_01.bmp
p_cannon.mdl,0,8618,resource/WeaponPaint/texture/chn13th#256256gragon_p.bmp
p_cannon.mdl,1,8618,resource/WeaponPaint/texture/chn13th#256256gragon_p.bmp
w_cannon.mdl,0,8618,resource/WeaponPaint/texture/chn13th#256256gragon_p.bmp
w_cannon.mdl,1,8618,resource/WeaponPaint/texture/chn13th#256256gragon_p.bmp
s_cannon.mdl,0,8618,resource/WeaponPaint/texture/chn13th#256256gragon_p.bmp
s_cannon.mdl,1,8618,resource/WeaponPaint/texture/chn13th#256256gragon_p.bmp
v_cannon.mdl,0,8618,resource/WeaponPaint/texture/chn13thdragon_v.bmp
v_cannon.mdl,1,8618,resource/WeaponPaint/texture/chn13thpin.bmp
v_cannon.mdl,4,8618,resource/WeaponPaint/texture/chn13thdragon_v.bmp
v_cannon.mdl,5,8618,resource/WeaponPaint/texture/chn13thpin.bmp
p_mg3.mdl,0,8618,resource/WeaponPaint/texture/chn13th#256256mg3_p.bmp
p_mg3.mdl,1,8618,resource/WeaponPaint/texture/chn13th#256256mg3_p.bmp
p_mg3.mdl,2,8618,resource/WeaponPaint/texture/chn13th#256256mg3_p.bmp
w_mg3.mdl,0,8618,resource/WeaponPaint/texture/chn13th#256256mg3_p.bmp
w_mg3.mdl,1,8618,resource/WeaponPaint/texture/chn13th#256256mg3_p.bmp
w_mg3.mdl,2,8618,resource/WeaponPaint/texture/chn13th#256256mg3_p.bmp
s_MG3.mdl,0,8618,resource/WeaponPaint/texture/chn13th#256256mg3_p.bmp
s_MG3.mdl,1,8618,resource/WeaponPaint/texture/chn13th#256256mg3_p.bmp
s_MG3.mdl,2,8618,resource/WeaponPaint/texture/chn13th#256256mg3_p.bmp
v_mg3.mdl,0,8618,resource/WeaponPaint/texture/chn13thmg3_v.bmp
v_mg3.mdl,3,8618,resource/WeaponPaint/texture/chn13thmg3_v.bmp
v_mg3.mdl,4,8618,resource/WeaponPaint/texture/chn13thmg3_v.bmp
v_awp.mdl,0,8636,resource/WeaponPaint/texture/y22s1awp.bmp
p_awp.mdl,0,8636,resource/WeaponPaint/texture/y22s1#256256awp_p.bmp
w_awp.mdl,0,8636,resource/WeaponPaint/texture/y22s1#256256awp_p.bmp
s_awp.mdl,0,8636,resource/WeaponPaint/texture/y22s1#256256awp_p.bmp
v_InfinityEX2.mdl,0,8636,resource/WeaponPaint/texture/y22s1v_infinityex2_21.bmp
v_InfinityEX2.mdl,1,8636,resource/WeaponPaint/texture/y22s1v_infinityex2_22.bmp
v_InfinityEX2.mdl,2,8636,resource/WeaponPaint/texture/y22s1v_infinityex2_11.bmp
v_InfinityEX2.mdl,3,8636,resource/WeaponPaint/texture/y22s1v_infinityex2_12.bmp
p_infinityEX2.mdl,0,8636,resource/WeaponPaint/texture/y22s1#256256infinityex2_1_1_p.bmp
p_infinityEX2.mdl,1,8636,resource/WeaponPaint/texture/y22s1#256256infinityex2_1_2_p.bmp
p_infinityEX2.mdl,2,8636,resource/WeaponPaint/texture/y22s1#256256infinityex2_2_1_p.bmp
p_infinityEX2.mdl,3,8636,resource/WeaponPaint/texture/y22s1#256256infinityex2_2_2_p.bmp
w_infinityEX2.mdl,0,8636,resource/WeaponPaint/texture/y22s1#256256infinityex2_2_1_p.bmp
w_infinityEX2.mdl,1,8636,resource/WeaponPaint/texture/y22s1#256256infinityex2_1_1_p.bmp
w_infinityEX2.mdl,2,8636,resource/WeaponPaint/texture/y22s1#256256infinityex2_2_2_p.bmp
w_infinityEX2.mdl,3,8636,resource/WeaponPaint/texture/y22s1#256256infinityex2_1_2_p.bmp
s_infinityEX2.mdl,1,8636,resource/WeaponPaint/texture/y22s1#256256infinityex2_2_1_p.bmp
s_infinityEX2.mdl,2,8636,resource/WeaponPaint/texture/y22s1#256256infinityex2_1_1_p.bmp
s_infinityEX2.mdl,3,8636,resource/WeaponPaint/texture/y22s1#256256infinityex2_2_2_p.bmp
s_infinityEX2.mdl,4,8636,resource/WeaponPaint/texture/y22s1#256256infinityex2_1_2_p.bmp
v_huntbow.mdl,0,8636,resource/WeaponPaint/texture/y22s1$20@004y21s3failnaught_gold_v.bmp
v_huntbow.mdl,1,8636,resource/WeaponPaint/texture/y22s1$20y21s3failnaught_effect.bmp
v_huntbow.mdl,2,8636,resource/WeaponPaint/texture/y22s1$20failnaught_v.bmp
p_huntbow.mdl,0,8636,resource/WeaponPaint/texture/y22s1#256256y21s3failnaught_p.bmp
w_huntbow.mdl,0,8636,resource/WeaponPaint/texture/y22s1#256256y21s3failnaught_p.bmp
s_huntbow.mdl,0,8636,resource/WeaponPaint/texture/y22s1#256256y21s3failnaught_p.bmp
p_huntbow_empty.mdl,0,8636,resource/WeaponPaint/texture/y22s1#256256y21s3failnaught_p.bmp
v_armtorch.mdl,0,8636,resource/WeaponPaint/texture/y22s1armrorch_v.bmp
p_armtorch.mdl,0,8636,resource/WeaponPaint/texture/y22s1armrorch_p.bmp
v_vulcanus9.mdl,0,8636,resource/WeaponPaint/texture/y22s1gasgauge01.bmp
v_vulcanus9.mdl,2,8636,resource/WeaponPaint/texture/y22s1vulcanus9_v.bmp
v_vulcanus9.mdl,5,8636,resource/WeaponPaint/texture/y22s1gasgauge02.bmp
v_vulcanus9.mdl,6,8636,resource/WeaponPaint/texture/y22s1gasgauge03.bmp
v_vulcanus9.mdl,7,8636,resource/WeaponPaint/texture/y22s1gasgauge04.bmp
v_vulcanus9.mdl,8,8636,resource/WeaponPaint/texture/y22s1gasgauge05.bmp
p_vulcanus9.mdl,0,8636,resource/WeaponPaint/texture/y22s1vulcanus9_p.bmp
p_vulcanus92.mdl,0,8636,resource/WeaponPaint/texture/y22s1vulcanus9_p.bmp
v_deagle.mdl,0,8686,resource/WeaponPaint/texture/y22s2deserteagle_v.bmp
p_deagle.mdl,0,8686,resource/WeaponPaint/texture/y22s2deserteagle_p.bmp
w_deagle.mdl,0,8686,resource/WeaponPaint/texture/y22s2deserteagle_p.bmp
s_deserteagle.mdl,1,8686,resource/WeaponPaint/texture/y22s2deserteagle_p.bmp
v_petrolboomer.mdl,0,8686,resource/WeaponPaint/texture/y22s2petrolboomer_v.bmp
v_petrolboomer.mdl,1,8686,resource/WeaponPaint/texture/y22s2petrol_v.bmp
p_petrolboomer.mdl,0,8686,resource/WeaponPaint/texture/y22s2#256256petrolboomer_p.bmp
w_petrolboomer.mdl,0,8686,resource/WeaponPaint/texture/y22s2#256256petrolboomer_p.bmp
s_petrolboomer.mdl,0,8686,resource/WeaponPaint/texture/y22s2#256256petrolboomer_p.bmp
petrol.mdl,0,8686,resource/WeaponPaint/texture/y22s2petrolboomer_p_01.bmp
v_spknife.mdl,2,8686,resource/WeaponPaint/texture/y22s2spknife_v.bmp
v_spknife.mdl,0,8686,resource/WeaponPaint/texture/y22s2ring.bmp
v_spknife.mdl,5,8686,resource/WeaponPaint/texture/y22s2spknife_v.bmp
p_spknife.mdl,0,8686,resource/WeaponPaint/texture/y22s2#256256spknife_p.bmp
p_spknife.mdl,1,8686,resource/WeaponPaint/texture/y22s2#256256spknife_p.bmp
v_thanatos9.mdl,0,8686,resource/WeaponPaint/texture/y22s2thanatos9_v.bmp
v_thanatos9.mdl,2,8686,resource/WeaponPaint/texture/y22s2$0b_thanatos9_blue.bmp
p_thanatos9a.mdl,0,8686,resource/WeaponPaint/texture/y22s2#256256thanatos9_p.bmp
p_thanatos9b.mdl,0,8686,resource/WeaponPaint/texture/y22s2#256256thanatos9_p.bmp
p_thanatos9b.mdl,1,8686,resource/WeaponPaint/texture/y22s2$0b_thanatos9_blue.bmp
v_mgsm.mdl,0,8686,resource/WeaponPaint/texture/y22s2mgsm02_v.bmp
v_mgsm.mdl,1,8686,resource/WeaponPaint/texture/y22s2mgsm01_v.bmp
v_mgsm.mdl,2,8686,resource/WeaponPaint/texture/y22s2$0b_msgmeffectblue_v.bmp
v_mgsm.mdl,7,8686,resource/WeaponPaint/texture/y22s2$0b_msgmeffectred_v.bmp
p_mgsm.mdl,0,8686,resource/WeaponPaint/texture/y22s2#256256mgsm_p.bmp
p_mgsm.mdl,1,8686,resource/WeaponPaint/texture/y22s2#256256mgsmback_p.bmp
w_mgsm.mdl,0,8686,resource/WeaponPaint/texture/y22s2#256256mgsmback_p.bmp
w_mgsm.mdl,1,8686,resource/WeaponPaint/texture/y22s2#256256mgsm_p.bmp
s_mgsm.mdl,0,8686,resource/WeaponPaint/texture/y22s2#256256mgsm_p.bmp
s_mgsm.mdl,1,8686,resource/WeaponPaint/texture/y22s2#256256mgsmback_p.bmp
ef_mgsm_launcher.mdl,0,8686,resource/WeaponPaint/texture/y22s2mgsm02_v.bmp
ef_mgsm_launcher.mdl,1,8686,resource/WeaponPaint/texture/y22s2$0b_msgmeffectblue_v.bmp
ef_mgsm_launcher.mdl,2,8686,resource/WeaponPaint/texture/y22s2$0b_msgmeffectred_v.bmp
v_kronos12.mdl,2,8710,resource/WeaponPaint/texture/y22s3argus12_v.bmp
p_kronos12.mdl,0,8710,resource/WeaponPaint/texture/y22s3#256256argus12_p.bmp
w_kronos12.mdl,0,8710,resource/WeaponPaint/texture/y22s3#256256argus12_p.bmp
s_kronos12.mdl,0,8710,resource/WeaponPaint/texture/y22s3#256256argus12_p.bmp
v_awp.mdl,0,8710,resource/WeaponPaint/texture/y22s3awp.bmp
p_awp.mdl,0,8710,resource/WeaponPaint/texture/y22s3#256256awp_p.bmp
w_awp.mdl,0,8710,resource/WeaponPaint/texture/y22s3#256256awp_p.bmp
s_awp.mdl,0,8710,resource/WeaponPaint/texture/y22s3#256256awp_p.bmp
v_rockbreaker.mdl,3,8710,resource/WeaponPaint/texture/y22s3rockbreaker_v.bmp
p_rockbreaker.mdl,0,8710,resource/WeaponPaint/texture/y22s3#256256rockbreaker_p.bmp
w_rockbreaker.mdl,0,8710,resource/WeaponPaint/texture/y22s3#256256rockbreaker_p.bmp
s_rockbreaker.mdl,0,8710,resource/WeaponPaint/texture/y22s3#256256rockbreaker_p.bmp
v_skull1.mdl,0,8710,resource/WeaponPaint/texture/y22s3skull-1.bmp
p_skull1.mdl,0,8710,resource/WeaponPaint/texture/y22s3skull-1_p.bmp
w_skull1.mdl,0,8710,resource/WeaponPaint/texture/y22s3skull-1_p.bmp
s_skull1.mdl,0,8710,resource/WeaponPaint/texture/y22s3skull-1_p.bmp
v_stormgiant.mdl,0,8710,resource/WeaponPaint/texture/y22s3$20@003_sg_2.bmp
v_stormgiant.mdl,1,8710,resource/WeaponPaint/texture/y22s3$20@003_sg_3.bmp
v_stormgiant.mdl,2,8710,resource/WeaponPaint/texture/y22s3$20@001_sg_1.bmp
p_stormgiant.mdl,0,8710,resource/WeaponPaint/texture/y22s3storm_giant_p.bmp
w_stormgiant.mdl,0,8710,resource/WeaponPaint/texture/y22s3storm_giant_p.bmp
s_stormgiant.mdl,0,8710,resource/WeaponPaint/texture/y22s3storm_giant_p.bmp
v_stormgiant_d3a3.mdl,0,8710,resource/WeaponPaint/texture/y22s3$20@003_sg_2.bmp
v_stormgiant_d3a3.mdl,1,8710,resource/WeaponPaint/texture/y22s3$20@003_sg_3.bmp
v_stormgiant_d3a3.mdl,2,8710,resource/WeaponPaint/texture/y22s3$20@001_sg_1.bmp
p_stormgiant_d3a3.mdl,0,8710,resource/WeaponPaint/texture/y22s3storm_giant_p.bmp
v_buffm4.mdl,2,8754,resource/WeaponPaint/texture/chn14th$20@004_m4a1b1.bmp
v_buffm4.mdl,3,8754,resource/WeaponPaint/texture/chn14th$20@004_m4a1b2.bmp
p_buffm4.mdl,0,8754,resource/WeaponPaint/texture/chn14th#256256dark_knight_p.bmp
s_buffm4.mdl,0,8754,resource/WeaponPaint/texture/chn14th#256256dark_knight_p.bmp
w_buffm4.mdl,0,8754,resource/WeaponPaint/texture/chn14th#256256dark_knight_p.bmp
v_buffm4_d3a3.mdl,2,8754,resource/WeaponPaint/texture/chn14th$20@004_m4a1b6_1.bmp
v_buffm4_d3a3.mdl,3,8754,resource/WeaponPaint/texture/chn14th$20@004_m4a1b6_2.bmp
p_buffm4_d3a3.mdl,0,8754,resource/WeaponPaint/texture/chn14th#256256dark_knight6_p.bmp
s_buffm4_d3a3.mdl,0,8754,resource/WeaponPaint/texture/chn14th#256256dark_knight6_p.bmp
w_buffm4_d3a3.mdl,0,8754,resource/WeaponPaint/texture/chn14th#256256dark_knight6_p.bmp
v_kronos7.mdl,1,8754,resource/WeaponPaint/texture/chn14thkronos7_v.bmp
p_kronos7.mdl,0,8754,resource/WeaponPaint/texture/chn14th#256256kronos7_p.bmp
s_kronos7.mdl,0,8754,resource/WeaponPaint/texture/chn14th#256256kronos7_p.bmp
w_kronos7.mdl,0,8754,resource/WeaponPaint/texture/chn14th#256256kronos7_p.bmp
v_m2.mdl,0,8754,resource/WeaponPaint/texture/chn14thm2_v.bmp
v_m2.mdl,3,8754,resource/WeaponPaint/texture/chn14thm2_6_v.bmp
v_m2.mdl,4,8754,resource/WeaponPaint/texture/chn14thm2_8_v.bmp
p_m2_1.mdl,0,8754,resource/WeaponPaint/texture/chn14th#256256m2_p.bmp
p_m2_1.mdl,1,8754,resource/WeaponPaint/texture/chn14th#256256m2_6_p.bmp
p_m2_1.mdl,2,8754,resource/WeaponPaint/texture/chn14th#256256m2_8_p.bmp
p_m2_2.mdl,0,8754,resource/WeaponPaint/texture/chn14th#256256m2_p.bmp
p_m2_2.mdl,1,8754,resource/WeaponPaint/texture/chn14th#256256m2_6_p.bmp
p_m2_2.mdl,2,8754,resource/WeaponPaint/texture/chn14th#256256m2_8_p.bmp
s_m2.mdl,0,8754,resource/WeaponPaint/texture/chn14th#256256m2_p.bmp
s_m2.mdl,1,8754,resource/WeaponPaint/texture/chn14th#256256m2_6_p.bmp
s_m2.mdl,2,8754,resource/WeaponPaint/texture/chn14th#256256m2_8_p.bmp
w_m2.mdl,0,8754,resource/WeaponPaint/texture/chn14th#256256m2_p.bmp
w_m2.mdl,1,8754,resource/WeaponPaint/texture/chn14th#256256m2_6_p.bmp
w_m2.mdl,2,8754,resource/WeaponPaint/texture/chn14th#256256m2_8_p.bmp
v_speargun.mdl,0,8754,resource/WeaponPaint/texture/chn14thspeargun_v.bmp
v_speargun.mdl,3,8754,resource/WeaponPaint/texture/chn14thspeargun6_v.bmp
p_speargun.mdl,0,8754,resource/WeaponPaint/texture/chn14th#256256speargun_p.bmp
p_speargun.mdl,1,8754,resource/WeaponPaint/texture/chn14th#256256speargun6_p.bmp
s_speargun.mdl,0,8754,resource/WeaponPaint/texture/chn14th#256256speargun_p.bmp
s_speargun.mdl,1,8754,resource/WeaponPaint/texture/chn14th#256256speargun6_p.bmp
w_speargun.mdl,0,8754,resource/WeaponPaint/texture/chn14th#256256speargun_p.bmp
w_speargun.mdl,1,8754,resource/WeaponPaint/texture/chn14th#256256speargun6_p.bmp
spear.mdl,0,8754,resource/WeaponPaint/texture/chn14thspeargun_arrow.bmp
spear.mdl,1,8754,resource/WeaponPaint/texture/chn14thspeargun6_arrow.bmp
v_buffm4tw.mdl,2,8754,resource/WeaponPaint/texture/chn14th$20@004_m4a1tw1.bmp
v_buffm4tw.mdl,3,8754,resource/WeaponPaint/texture/chn14th$20@004_m4a1tw2.bmp
p_buffm4tw.mdl,0,8754,resource/WeaponPaint/texture/chn14th#256256buffm4tw.bmp
s_buffm4tw.mdl,0,8754,resource/WeaponPaint/texture/chn14th#256256buffm4tw.bmp
w_buffm4tw.mdl,0,8754,resource/WeaponPaint/texture/chn14th#256256buffm4tw.bmp
v_xm1014.mdl,0,8801,resource/WeaponPaint/texture/y23s1xm1014-or.bmp
p_xm1014.mdl,0,8801,resource/WeaponPaint/texture/y23s1xm1014.bmp
s_xm1014.mdl,0,8801,resource/WeaponPaint/texture/y23s1xm1014.bmp
w_xm1014.mdl,0,8801,resource/WeaponPaint/texture/y23s1xm1014.bmp
v_plasmagun.mdl,0,8801,resource/WeaponPaint/texture/y23s1plasma_v_alpha.bmp
v_plasmagun.mdl,3,8801,resource/WeaponPaint/texture/y23s1plasma_v.bmp
p_plasmagun.mdl,0,8801,resource/WeaponPaint/texture/y23s1#128128plasma_p_alpha.bmp
p_plasmagun.mdl,1,8801,resource/WeaponPaint/texture/y23s1#256256plasma_p.bmp
s_plasmagun.mdl,0,8801,resource/WeaponPaint/texture/y23s1#128128plasma_p_alpha.bmp
s_plasmagun.mdl,1,8801,resource/WeaponPaint/texture/y23s1#256256plasma_p.bmp
w_plasmagun.mdl,0,8801,resource/WeaponPaint/texture/y23s1#128128plasma_p_alpha.bmp
w_plasmagun.mdl,1,8801,resource/WeaponPaint/texture/y23s1#256256plasma_p.bmp
v_plasmagun_d3a3.mdl,0,8801,resource/WeaponPaint/texture/y23s1plasma6_v_alpha.bmp
v_plasmagun_d3a3.mdl,3,8801,resource/WeaponPaint/texture/y23s1plasma6_v.bmp
p_plasmagun_d3a3.mdl,0,8801,resource/WeaponPaint/texture/y23s1#084081plasma6_p_alpha.bmp
p_plasmagun_d3a3.mdl,1,8801,resource/WeaponPaint/texture/y23s1#256269plasma6_p.bmp
w_plasmagun_d3a3.mdl,0,8801,resource/WeaponPaint/texture/y23s1#084081plasma6_p_alpha.bmp
w_plasmagun_d3a3.mdl,1,8801,resource/WeaponPaint/texture/y23s1#256269plasma6_p.bmp
s_plasmagun_d3a3.mdl,0,8801,resource/WeaponPaint/texture/y23s1#084081plasma6_p_alpha.bmp
s_plasmagun_d3a3.mdl,1,8801,resource/WeaponPaint/texture/y23s1#256269plasma6_p.bmp
v_watercannon.mdl,0,8801,resource/WeaponPaint/texture/y23s1watercannon_v.bmp
p_watercannon.mdl,0,8801,resource/WeaponPaint/texture/y23s1#256512watercnanon_p.bmp
w_watercannon.mdl,0,8801,resource/WeaponPaint/texture/y23s1#256512watercnanon_p.bmp
s_watercannon.mdl,0,8801,resource/WeaponPaint/texture/y23s1#256512watercnanon_p.bmp
v_gunkata.mdl,0,8801,resource/WeaponPaint/texture/y23s1$20@004gunslinger_v.bmp
v_gunkata.mdl,1,8801,resource/WeaponPaint/texture/y23s1$20@004gunslinger_v_gold.bmp
p_gunkata.mdl,0,8801,resource/WeaponPaint/texture/y23s1#256256gunslinger_p.bmp
w_gunkata.mdl,0,8801,resource/WeaponPaint/texture/y23s1#256256gunslinger_p.bmp
s_gunkata.mdl,1,8801,resource/WeaponPaint/texture/y23s1#256256gunslinger_p.bmp
v_turbulent9.mdl,0,8801,resource/WeaponPaint/texture/y23s1turbulent9_v.bmp
p_turbulent9.mdl,0,8801,resource/WeaponPaint/texture/y23s1turbulent9_p.bmp
p_gunkata2.mdl,0,8801,resource/WeaponPaint/texture/y23s1#256256gunslinger_p.bmp
